design,rep,ok,log_xi,log_xi_true,n_withdrawn,n_readings,n_cross
K1,36,1,8.817376173760843,9.174162719372127,2,6,2
K1,37,1,8.976108212456632,9.174162719372127,5,25,5
K1,38,1,8.42630918094814,9.174162719372127,3,13,3
K1,39,1,8.081489548024337,9.174162719372127,2,12,2
K1,16,1,8.929395612928541,9.174162719372127,3,16,3
K1,17,1,9.57579108137446,9.174162719372127,5,11,5
K1,18,1,8.891732018414583,9.174162719372127,3,10,3
K1,19,1,8.930565484730629,9.174162719372127,5,16,5
K1,52,1,9.236648277836872,9.174162719372127,5,10,5
K1,53,1,8.92856040707784,9.174162719372127,3,4,3
K1,54,1,8.83381251764973,9.174162719372127,4,22,4
K1,55,1,9.42111047420683,9.174162719372127,6,18,6
K1,0,1,8.970292617164304,9.174162719372127,7,31,7
K1,1,1,8.169051744455631,9.174162719372127,5,23,5
K1,2,1,9.738055470612501,9.174162719372127,4,14,4
K1,3,1,9.017467380429407,9.174162719372127,3,13,3
K1,28,1,7.94163969981656,9.174162719372127,3,19,3
K1,29,1,8.567846103047037,9.174162719372127,5,15,5
K1,30,1,9.158312275287019,9.174162719372127,5,12,5
K1,31,1,9.35417080623719,9.174162719372127,3,7,3
K1,24,1,9.273780997091823,9.174162719372127,6,14,6
K1,25,1,8.444551014814916,9.174162719372127,3,8,3
K1,26,1,9.031436472642499,9.174162719372127,4,15,4
K1,27,1,9.004628450378787,9.174162719372127,5,15,5
K1,12,1,7.937472083841194,9.174162719372127,4,28,4
K1,13,1,9.303027496226653,9.174162719372127,4,8,4
K1,14,1,9.340662339423886,9.174162719372127,6,14,6
K1,15,1,9.51717761838768,9.174162719372127,4,16,4
K1,32,1,9.659389853568149,9.174162719372127,5,22,5
K1,33,1,8.525608185055752,9.174162719372127,5,24,5
K1,34,1,8.695587407682556,9.174162719372127,4,17,4
K1,35,1,9.577968476960862,9.174162719372127,4,11,4
K1,20,1,9.666201845749196,9.174162719372127,6,15,6
K1,21,1,9.330280634465405,9.174162719372127,3,6,3
K1,22,1,9.382298920247775,9.174162719372127,5,16,5
K1,23,1,9.351268652889276,9.174162719372127,4,9,4
K1,44,1,8.404121067550967,9.174162719372127,5,21,5
K1,45,1,8.562952692873155,9.174162719372127,2,7,2
K1,46,1,9.242918934837867,9.174162719372127,4,9,4
K1,47,1,8.850846553455298,9.174162719372127,5,18,5
K1,4,1,9.989367553970332,9.174162719372127,5,14,5
K1,5,1,9.268994019377635,9.174162719372127,5,11,5
K1,6,1,9.79608649628839,9.174162719372127,4,9,4
K1,7,1,9.003937204877346,9.174162719372127,5,6,5
K1,8,1,8.106189805597385,9.174162719372127,4,20,4
K1,9,1,8.325851143634674,9.174162719372127,4,11,4
K1,10,1,9.285517884271503,9.174162719372127,5,12,5
K1,11,1,9.145814038324252,9.174162719372127,4,17,4
K1,48,1,8.633729161625435,9.174162719372127,4,9,4
K1,49,1,9.778872338533974,9.174162719372127,5,21,5
K1,50,1,10.129307242200307,9.174162719372127,5,14,5
K1,51,1,9.742876784480233,9.174162719372127,4,8,4
K1,40,1,8.751592457524476,9.174162719372127,5,23,5
K1,41,1,9.506311147527404,9.174162719372127,5,11,5
K1,42,1,8.784139131874136,9.174162719372127,7,31,7
K1,43,1,9.278343211720793,9.174162719372127,6,23,6
K1,56,1,9.29346398364863,9.174162719372127,4,17,4
K1,57,1,8.567785091809466,9.174162719372127,5,23,5
K1,58,1,9.385135036519012,9.174162719372127,4,15,4
K1,59,1,9.511481430207278,9.174162719372127,2,3,2
K1,60,1,10.075827306630353,9.174162719372127,2,3,2
K1,61,1,8.972511786295732,9.174162719372127,5,24,5
K1,62,1,10.149046118777871,9.174162719372127,3,5,3
K1,63,1,9.787675436556139,9.174162719372127,4,9,4
K1,64,1,9.619719674399246,9.174162719372127,5,14,5
K1,65,1,8.877509568377612,9.174162719372127,4,18,4
K1,66,1,9.10781805055656,9.174162719372127,5,17,5
K1,67,1,9.725274957109148,9.174162719372127,4,7,4
K1,88,1,9.185976249948487,9.174162719372127,3,10,3
K1,89,1,8.459125343384002,9.174162719372127,4,18,4
K1,90,1,8.020750892062871,9.174162719372127,3,10,3
K1,91,1,9.874207280913154,9.174162719372127,5,11,5
K1,80,1,9.254513414988391,9.174162719372127,6,29,6
K1,81,1,9.083184217009356,9.174162719372127,4,10,4
K1,82,1,9.73317887426641,9.174162719372127,2,4,2
K1,83,1,10.161412100895673,9.174162719372127,5,17,5
K1,76,1,8.67534105544488,9.174162719372127,3,15,3
K1,77,1,9.835479335051875,9.174162719372127,5,10,5
K1,78,1,9.456469704287384,9.174162719372127,4,14,4
K1,79,1,8.868601759134785,9.174162719372127,6,20,6
K1,72,1,8.595211077473406,9.174162719372127,3,13,3
K1,73,1,9.017643331075659,9.174162719372127,6,20,6
K1,74,1,9.492456130559571,9.174162719372127,4,12,4
K1,75,1,10.079172980746453,9.174162719372127,4,7,4
K1,68,1,9.321853704735934,9.174162719372127,7,26,7
K1,69,1,8.98342888295874,9.174162719372127,5,28,5
K1,70,1,9.35494673095299,9.174162719372127,3,11,3
K1,71,1,9.228064065311655,9.174162719372127,3,6,3
K1,92,1,9.690796729923537,9.174162719372127,2,4,2
K1,93,1,8.295887868261834,9.174162719372127,5,14,5
K1,94,1,9.774906885280995,9.174162719372127,3,6,3
K1,95,1,8.484216297631589,9.174162719372127,6,33,6
K1,84,1,9.224885460941136,9.174162719372127,4,10,4
K1,85,1,8.711533691232452,9.174162719372127,3,17,3
K1,86,1,8.831091359431356,9.174162719372127,7,25,7
K1,87,1,9.374361654817363,9.174162719372127,5,18,5
K1,96,1,10.14050363663307,9.174162719372127,5,9,5
K1,97,1,8.584585804561572,9.174162719372127,4,12,4
K1,98,1,8.887359827274922,9.174162719372127,5,18,5
K1,99,1,9.303518915461524,9.174162719372127,6,20,6
K1,104,1,9.70306450384802,9.174162719372127,5,13,5
K1,105,1,8.353290114042087,9.174162719372127,3,17,3
K1,106,1,9.404619968384116,9.174162719372127,4,10,4
K1,107,1,8.947630368443532,9.174162719372127,6,20,6
K1,100,1,9.388228153198815,9.174162719372127,4,8,4
K1,101,1,11.30222856098298,9.174162719372127,2,2,2
K1,102,1,9.433349422048591,9.174162719372127,7,26,7
K1,103,1,10.07339123403456,9.174162719372127,6,13,6
K1,108,1,8.371197783190354,9.174162719372127,4,12,4
K1,109,1,9.38919255534705,9.174162719372127,4,9,4
K1,110,1,8.628451622508612,9.174162719372127,5,16,5
K1,111,1,9.370213786663287,9.174162719372127,4,11,4
K1,112,1,9.399634144254618,9.174162719372127,4,9,4
K1,113,1,9.539514417828498,9.174162719372127,7,17,7
K1,114,1,9.779788073789442,9.174162719372127,3,5,3
K1,115,1,9.503426777987858,9.174162719372127,5,11,5
K1,116,1,8.66196433062928,9.174162719372127,2,6,2
K1,117,1,9.146904806068335,9.174162719372127,4,18,4
K1,118,1,9.183381761289207,9.174162719372127,4,13,4
K1,119,1,9.19038972586805,9.174162719372127,4,15,4
K1,144,1,9.073330437875356,9.174162719372127,3,7,3
K1,145,1,8.450555102070716,9.174162719372127,4,15,4
K1,146,1,8.47871607775666,9.174162719372127,5,14,5
K1,147,1,8.898532114436277,9.174162719372127,2,8,2
K1,140,1,9.727716701354678,9.174162719372127,3,5,3
K1,141,1,9.563445193819264,9.174162719372127,4,16,4
K1,142,1,8.965940283744446,9.174162719372127,4,14,4
K1,143,1,9.130885482866457,9.174162719372127,5,15,5
K1,124,1,8.941568401142664,9.174162719372127,2,8,2
K1,125,1,9.555829617176958,9.174162719372127,6,18,6
K1,126,1,9.502523685312767,9.174162719372127,4,15,4
K1,127,1,8.957633985511405,9.174162719372127,7,25,7
K1,128,1,9.60949707167268,9.174162719372127,5,12,5
K1,129,1,9.553476088166537,9.174162719372127,5,22,5
K1,130,1,9.29034077790263,9.174162719372127,6,13,6
K1,131,1,9.32972954428726,9.174162719372127,4,8,4
K1,136,1,8.965172081069243,9.174162719372127,5,12,5
K1,137,1,9.731247586392715,9.174162719372127,4,10,4
K1,138,1,9.793278168508392,9.174162719372127,5,10,5
K1,139,1,8.80900358031152,9.174162719372127,5,32,5
K1,120,1,10.030504638553877,9.174162719372127,4,8,4
K1,121,1,9.531430630704705,9.174162719372127,5,20,5
K1,122,1,9.427009867227774,9.174162719372127,7,17,7
K1,123,1,8.65798579696171,9.174162719372127,5,14,5
K1,132,1,8.848236579894143,9.174162719372127,3,8,3
K1,133,1,9.536661252026368,9.174162719372127,6,27,6
K1,134,1,8.708255441869717,9.174162719372127,4,18,4
K1,135,1,8.523218293513928,9.174162719372127,6,21,6
K1,148,1,9.194185696843697,9.174162719372127,4,20,4
K1,149,1,9.680642064483434,9.174162719372127,5,20,5
K1,150,1,9.678992799363362,9.174162719372127,5,16,5
K1,151,1,9.597720279773041,9.174162719372127,5,16,5
K1,156,1,8.009226025668289,9.174162719372127,2,10,2
K1,157,1,10.29915039549218,9.174162719372127,5,13,5
K1,158,1,8.943291471935208,9.174162719372127,6,25,6
K1,159,1,9.827271023391061,9.174162719372127,5,9,5
K1,152,1,9.302009578119911,9.174162719372127,5,19,5
K1,153,1,9.46336304290308,9.174162719372127,6,19,6
K1,154,1,9.062258419689869,9.174162719372127,5,21,5
K1,155,1,9.626412924460235,9.174162719372127,3,6,3
K1,164,1,9.50246204870884,9.174162719372127,5,29,5
K1,165,1,9.52720934800124,9.174162719372127,4,12,4
K1,166,1,8.488710555084902,9.174162719372127,5,18,5
K1,167,1,9.375445669824074,9.174162719372127,5,15,5
K1,160,1,10.203245596378018,9.174162719372127,6,8,6
K1,161,1,8.995306957566958,9.174162719372127,5,11,5
K1,162,1,10.212417199789595,9.174162719372127,4,8,4
K1,163,1,9.177927153074068,9.174162719372127,4,9,4
K1,172,1,8.861709532215226,9.174162719372127,6,21,6
K1,173,1,9.179182535194933,9.174162719372127,3,11,3
K1,174,1,8.504871895072926,9.174162719372127,4,11,4
K1,175,1,9.784437835733963,9.174162719372127,6,20,6
K1,168,1,8.283926357587937,9.174162719372127,5,26,5
K1,169,1,9.571609319662658,9.174162719372127,5,15,5
K1,170,1,8.88596358320797,9.174162719372127,5,19,5
K1,171,1,8.957846357790817,9.174162719372127,5,19,5
K1,180,1,9.019480714689253,9.174162719372127,2,6,2
K1,181,1,9.01782124214815,9.174162719372127,6,10,6
K1,182,1,9.508951619607457,9.174162719372127,4,8,4
K1,183,1,9.362472572085785,9.174162719372127,4,12,4
K1,176,1,8.953542916496094,9.174162719372127,4,12,4
K1,177,1,9.059790700009607,9.174162719372127,4,13,4
K1,178,1,8.589153270326817,9.174162719372127,4,13,4
K1,179,1,8.986300383236243,9.174162719372127,4,17,4
K1,192,1,9.477105113305372,9.174162719372127,4,15,4
K1,193,1,9.39837258950656,9.174162719372127,4,15,4
K1,194,1,9.636100855667003,9.174162719372127,4,11,4
K1,195,1,9.090804968179693,9.174162719372127,5,13,5
K1,184,1,9.72619373920386,9.174162719372127,4,12,4
K1,185,1,8.648601078469792,9.174162719372127,3,11,3
K1,186,1,9.42774209676825,9.174162719372127,6,24,6
K1,187,1,9.396248808272416,9.174162719372127,5,17,5
K1,208,1,8.861060550284678,9.174162719372127,3,11,3
K1,209,1,8.996668542262519,9.174162719372127,4,12,4
K1,210,1,8.681296450853697,9.174162719372127,6,23,6
K1,211,1,9.520256467812287,9.174162719372127,3,8,3
K1,196,1,8.481521664554814,9.174162719372127,5,17,5
K1,197,1,9.255518236799404,9.174162719372127,5,12,5
K1,198,1,9.295744389997099,9.174162719372127,4,9,4
K1,199,1,9.995043485178567,9.174162719372127,4,7,4
K1,204,1,8.988397806557462,9.174162719372127,4,11,4
K1,205,1,9.156323042568522,9.174162719372127,6,27,6
K1,206,1,8.519865012379542,9.174162719372127,5,22,5
K1,207,1,8.148910902377644,9.174162719372127,3,13,3
K1,188,1,9.365199069382792,9.174162719372127,5,20,5
K1,189,1,10.384191363688535,9.174162719372127,4,9,4
K1,190,1,9.209314497090883,9.174162719372127,4,10,4
K1,191,1,8.382958469727274,9.174162719372127,5,16,5
K1,212,1,8.640859889851832,9.174162719372127,5,20,5
K1,213,1,9.247571607966817,9.174162719372127,6,14,6
K1,214,1,9.351225196230702,9.174162719372127,5,8,5
K1,215,1,10.175427176475301,9.174162719372127,3,7,3
K1,200,1,10.018916259474095,9.174162719372127,6,14,6
K1,201,1,8.69908364847713,9.174162719372127,3,16,3
K1,202,1,8.917825940599508,9.174162719372127,8,38,8
K1,203,1,9.075201571643106,9.174162719372127,7,18,7
K1,216,1,8.913817550818187,9.174162719372127,3,6,3
K1,217,1,8.815283617861883,9.174162719372127,2,12,2
K1,218,1,9.223946233207771,9.174162719372127,6,22,6
K1,219,1,9.259195328452583,9.174162719372127,5,16,5
K1,220,1,8.915547611935782,9.174162719372127,5,21,5
K1,221,1,10.145296528400742,9.174162719372127,6,11,6
K1,222,1,8.766589039359367,9.174162719372127,5,20,5
K1,223,1,8.922465731538361,9.174162719372127,4,24,4
K1,224,1,9.265502016361662,9.174162719372127,5,15,5
K1,225,1,9.165323887090075,9.174162719372127,5,18,5
K1,226,1,11.465317094119548,9.174162719372127,2,2,2
K1,227,1,9.54035577342938,9.174162719372127,6,22,6
K1,228,1,8.784564764529032,9.174162719372127,4,15,4
K1,229,1,9.17618678914116,9.174162719372127,4,14,4
K1,230,1,8.777862463714651,9.174162719372127,5,14,5
K1,231,1,11.653529584963497,9.174162719372127,4,6,4
K1,232,1,9.528166214424115,9.174162719372127,5,13,5
K1,233,1,9.124767958972711,9.174162719372127,4,19,4
K1,234,1,9.958405507018627,9.174162719372127,5,13,5
K1,235,1,8.611935193328643,9.174162719372127,3,10,3
K1,240,1,9.170588705285232,9.174162719372127,4,9,4
K1,241,1,8.950730137450366,9.174162719372127,4,20,4
K1,242,1,9.271154468453231,9.174162719372127,3,7,3
K1,243,1,9.585242763651133,9.174162719372127,4,13,4
K1,252,1,8.282410812598245,9.174162719372127,3,17,3
K1,253,1,8.270762035670824,9.174162719372127,3,21,3
K1,254,1,10.158683365354312,9.174162719372127,5,8,5
K1,255,1,8.917555368545727,9.174162719372127,3,11,3
K1,236,1,9.38668455838579,9.174162719372127,3,9,3
K1,237,1,9.255999982136968,9.174162719372127,5,24,5
K1,238,1,10.4339398290023,9.174162719372127,4,4,4
K1,239,1,9.795174210139674,9.174162719372127,5,13,5
K1,248,1,10.032383022904478,9.174162719372127,3,6,3
K1,249,1,8.981089501244494,9.174162719372127,5,29,5
K1,250,1,8.763496702782147,9.174162719372127,3,4,3
K1,251,1,7.946902176570932,9.174162719372127,6,35,6
K1,244,1,9.582885840229887,9.174162719372127,4,11,4
K1,245,1,9.76352028126951,9.174162719372127,5,11,5
K1,246,1,9.52834142181753,9.174162719372127,6,21,6
K1,247,1,8.742691834334885,9.174162719372127,5,13,5
K1,256,1,8.876320558161122,9.174162719372127,4,12,4
K1,257,1,9.538096455315666,9.174162719372127,6,23,6
K1,258,1,8.61792890918908,9.174162719372127,5,15,5
K1,259,1,9.46441020416279,9.174162719372127,4,8,4
K1,260,1,8.958342001981576,9.174162719372127,3,6,3
K1,261,1,9.077670643366009,9.174162719372127,5,22,5
K1,262,1,9.346031093800255,9.174162719372127,5,20,5
K1,263,1,9.087068702670106,9.174162719372127,6,15,6
K1,264,1,9.18351012939037,9.174162719372127,4,20,4
K1,265,1,8.7627433913053,9.174162719372127,6,12,6
K1,266,1,9.401320705718364,9.174162719372127,4,16,4
K1,267,1,9.888998563626693,9.174162719372127,6,17,6
K1,272,1,9.287737553893082,9.174162719372127,6,24,6
K1,273,1,8.928165252270606,9.174162719372127,3,12,3
K1,274,1,9.080688289676585,9.174162719372127,4,13,4
K1,275,1,9.069037880366656,9.174162719372127,3,16,3
K1,268,1,9.5824873088123,9.174162719372127,5,15,5
K1,269,1,8.91932004188334,9.174162719372127,4,10,4
K1,270,1,9.182811090907478,9.174162719372127,5,15,5
K1,271,1,10.358572693453047,9.174162719372127,5,9,5
K1,276,1,9.061733430316977,9.174162719372127,5,15,5
K1,277,1,7.780050004641164,9.174162719372127,5,21,5
K1,278,1,10.151903964216599,9.174162719372127,5,14,5
K1,279,1,8.730150188825252,9.174162719372127,4,16,4
K1,280,1,8.669616103493528,9.174162719372127,4,13,4
K1,281,1,9.645957690345169,9.174162719372127,5,8,5
K1,282,1,8.495356767105866,9.174162719372127,4,20,4
K1,283,1,9.249170548365512,9.174162719372127,4,7,4
K1,288,1,9.668827571781147,9.174162719372127,3,10,3
K1,289,1,8.330604232595888,9.174162719372127,3,14,3
K1,290,1,9.915771372091163,9.174162719372127,4,6,4
K1,291,1,9.023750852224685,9.174162719372127,4,9,4
K1,292,1,8.117358653497185,9.174162719372127,2,13,2
K1,293,1,9.031427381148635,9.174162719372127,6,22,6
K1,294,1,9.860133154726135,9.174162719372127,6,14,6
K1,295,1,8.232321678757197,9.174162719372127,3,14,3
K1,296,1,8.868972983340626,9.174162719372127,3,10,3
K1,297,1,9.455341979256037,9.174162719372127,5,24,5
K1,298,1,9.317796431477595,9.174162719372127,5,16,5
K1,299,1,8.787511100310917,9.174162719372127,4,13,4
K1,304,1,9.79487356234792,9.174162719372127,3,8,3
K1,305,1,8.796221941688852,9.174162719372127,5,17,5
K1,306,1,9.117822937623744,9.174162719372127,2,6,2
K1,307,1,9.511537080834852,9.174162719372127,5,23,5
K1,284,1,9.486744015677315,9.174162719372127,6,31,6
K1,285,1,9.553669850273778,9.174162719372127,6,16,6
K1,286,1,8.38243137398775,9.174162719372127,4,21,4
K1,287,1,9.120786662450625,9.174162719372127,7,22,7
K1,300,1,8.741020658586612,9.174162719372127,4,18,4
K1,301,1,8.934473868994264,9.174162719372127,6,29,6
K1,302,1,10.431217984018865,9.174162719372127,4,12,4
K1,303,1,9.432537704849635,9.174162719372127,5,23,5
K1,312,1,9.041196464396284,9.174162719372127,4,17,4
K1,313,1,8.950451581151045,9.174162719372127,6,19,6
K1,314,1,8.701309284378034,9.174162719372127,5,18,5
K1,315,1,9.186540316735547,9.174162719372127,4,12,4
K1,308,1,9.500458380712443,9.174162719372127,6,21,6
K1,309,1,9.224835097630715,9.174162719372127,6,18,6
K1,310,1,9.363592934504227,9.174162719372127,5,21,5
K1,311,1,8.545415472926985,9.174162719372127,4,15,4
K1,320,1,8.871434615388168,9.174162719372127,5,19,5
K1,321,1,9.530535453999617,9.174162719372127,2,6,2
K1,322,1,8.935423975571727,9.174162719372127,4,22,4
K1,323,1,8.538551776368317,9.174162719372127,4,12,4
K1,316,1,9.430641461768094,9.174162719372127,3,12,3
K1,317,1,8.24886149196263,9.174162719372127,4,12,4
K1,318,1,10.012251015306086,9.174162719372127,5,11,5
K1,319,1,9.083515162891636,9.174162719372127,4,16,4
K1,328,1,8.900658400856305,9.174162719372127,3,11,3
K1,329,1,9.157063445422557,9.174162719372127,6,16,6
K1,330,1,9.621974497609358,9.174162719372127,6,24,6
K1,331,1,8.984473658449867,9.174162719372127,5,19,5
K1,324,1,8.582549122479259,9.174162719372127,5,21,5
K1,325,1,10.262235581395728,9.174162719372127,5,16,5
K1,326,1,9.588535381054555,9.174162719372127,5,16,5
K1,327,1,9.729167763086,9.174162719372127,4,12,4
K1,332,1,9.856276718931154,9.174162719372127,5,13,5
K1,333,1,9.154342845240546,9.174162719372127,4,13,4
K1,334,1,9.060346439215241,9.174162719372127,5,12,5
K1,335,1,9.330143954150607,9.174162719372127,5,16,5
K1,344,1,9.003580971979016,9.174162719372127,3,9,3
K1,345,1,9.039213306958347,9.174162719372127,2,4,2
K1,346,1,9.456218724183081,9.174162719372127,3,7,3
K1,347,1,9.563940448343038,9.174162719372127,4,12,4
K1,336,1,9.65977320249614,9.174162719372127,4,10,4
K1,337,1,9.243093749101272,9.174162719372127,4,11,4
K1,338,1,9.335434770834954,9.174162719372127,4,10,4
K1,339,1,9.819513599304026,9.174162719372127,5,13,5
K1,352,1,9.965058940123875,9.174162719372127,6,20,6
K1,353,1,9.79605571473257,9.174162719372127,2,3,2
K1,354,1,9.032130271862204,9.174162719372127,3,10,3
K1,355,1,9.164718200632104,9.174162719372127,3,9,3
K1,340,1,9.418443856421474,9.174162719372127,7,25,7
K1,341,1,9.299139585192421,9.174162719372127,4,18,4
K1,342,1,8.965191055399249,9.174162719372127,5,18,5
K1,343,1,9.047188111713835,9.174162719372127,3,8,3
K1,348,1,9.219816803815501,9.174162719372127,3,11,3
K1,349,1,9.428655112378681,9.174162719372127,5,16,5
K1,350,1,9.32511532741307,9.174162719372127,7,18,7
K1,351,1,8.835373787163968,9.174162719372127,6,18,6
K1,368,1,8.830062051015283,9.174162719372127,5,12,5
K1,369,1,9.612204818235805,9.174162719372127,4,9,4
K1,370,1,9.090094322048547,9.174162719372127,4,11,4
K1,371,1,8.538862550039681,9.174162719372127,3,12,3
K1,364,1,8.892475879653526,9.174162719372127,3,9,3
K1,365,1,8.806034142504759,9.174162719372127,5,16,5
K1,366,1,9.775996250911197,9.174162719372127,6,20,6
K1,367,1,8.752829529535074,9.174162719372127,3,12,3
K1,356,1,9.011642223674883,9.174162719372127,6,14,6
K1,357,1,9.514800204997488,9.174162719372127,4,8,4
K1,358,1,8.46779768446688,9.174162719372127,6,26,6
K1,359,1,9.169914288904012,9.174162719372127,5,22,5
K1,380,1,9.10854666369199,9.174162719372127,4,17,4
K1,381,1,9.27406758460046,9.174162719372127,4,18,4
K1,382,1,9.034564086295429,9.174162719372127,4,19,4
K1,383,1,9.315136917420917,9.174162719372127,3,13,3
K1,372,1,9.38578181065276,9.174162719372127,4,20,4
K1,373,1,10.066519200544723,9.174162719372127,4,12,4
K1,374,1,9.176285823460832,9.174162719372127,6,17,6
K1,375,1,9.25928774302403,9.174162719372127,4,8,4
K1,376,1,8.558144527931768,9.174162719372127,5,15,5
K1,377,1,8.740464763518524,9.174162719372127,5,31,5
K1,378,1,9.473126015803205,9.174162719372127,5,13,5
K1,379,1,9.324137988198423,9.174162719372127,4,17,4
K1,360,1,8.176830547112733,9.174162719372127,5,23,5
K1,361,1,9.388296740110075,9.174162719372127,6,24,6
K1,362,1,9.555898447310838,9.174162719372127,6,26,6
K1,363,1,9.968646771586736,9.174162719372127,6,12,6
K1,384,1,9.372027135668954,9.174162719372127,4,9,4
K1,385,1,8.798183393850081,9.174162719372127,3,7,3
K1,386,1,7.68963543579943,9.174162719372127,3,7,3
K1,387,1,9.095170599803263,9.174162719372127,4,13,4
K1,392,1,8.998241502471561,9.174162719372127,3,9,3
K1,393,1,9.281129487908101,9.174162719372127,3,11,3
K1,394,1,8.88052209214904,9.174162719372127,5,23,5
K1,395,1,9.595370842824247,9.174162719372127,5,10,5
K1,388,1,9.393214040273152,9.174162719372127,5,17,5
K1,389,1,9.94719278859521,9.174162719372127,4,11,4
K1,390,1,9.547332220761835,9.174162719372127,5,14,5
K1,391,1,9.88013104881493,9.174162719372127,6,14,6
K1,396,1,9.96286235005261,9.174162719372127,4,8,4
K1,397,1,9.424831614627575,9.174162719372127,6,14,6
K1,398,1,9.776373580485622,9.174162719372127,6,17,6
K1,399,1,9.271037214701435,9.174162719372127,4,11,4
K1,404,1,9.649998512211589,9.174162719372127,4,8,4
K1,405,1,9.586871535344445,9.174162719372127,4,6,4
K1,406,1,9.555174285141398,9.174162719372127,5,18,5
K1,407,1,8.574247284749372,9.174162719372127,5,23,5
K1,408,1,8.708700976520328,9.174162719372127,5,24,5
K1,409,1,8.500841349570791,9.174162719372127,3,6,3
K1,410,1,9.839977521712468,9.174162719372127,4,6,4
K1,411,1,10.050152874840164,9.174162719372127,5,12,5
K1,400,1,8.383571343400652,9.174162719372127,4,14,4
K1,401,1,8.284576490273162,9.174162719372127,4,31,4
K1,402,1,9.986255577055967,9.174162719372127,7,14,7
K1,403,1,8.910567092476796,9.174162719372127,6,25,6
K1,420,1,8.997548817001332,9.174162719372127,5,15,5
K1,421,1,10.266557836223022,9.174162719372127,4,8,4
K1,422,1,9.627210426551,9.174162719372127,5,16,5
K1,423,1,9.019050576278753,9.174162719372127,4,26,4
K1,412,1,9.875567243115572,9.174162719372127,5,14,5
K1,413,1,9.178319555198428,9.174162719372127,7,18,7
K1,414,1,9.38281558222711,9.174162719372127,2,5,2
K1,415,1,9.317497373129207,9.174162719372127,5,15,5
K1,416,1,9.484635343569819,9.174162719372127,6,18,6
K1,417,1,8.892273156985462,9.174162719372127,4,28,4
K1,418,1,8.984519064000303,9.174162719372127,4,24,4
K1,419,1,9.334719417525479,9.174162719372127,6,14,6
K1,432,1,8.928834183625842,9.174162719372127,3,7,3
K1,433,1,8.256192594554886,9.174162719372127,3,9,3
K1,434,1,9.724538963771451,9.174162719372127,4,8,4
K1,435,1,9.560434040619965,9.174162719372127,4,12,4
K1,428,1,8.846224765837412,9.174162719372127,4,15,4
K1,429,1,8.853195268136377,9.174162719372127,5,14,5
K1,430,1,10.605682408631488,9.174162719372127,5,11,5
K1,431,1,9.180093663780541,9.174162719372127,5,24,5
K1,424,1,9.079299877161967,9.174162719372127,6,28,6
K1,425,1,9.411082857289774,9.174162719372127,4,13,4
K1,426,1,8.884276749766604,9.174162719372127,5,26,5
K1,427,1,9.47863150271975,9.174162719372127,7,16,7
K1,436,1,8.647373664656532,9.174162719372127,5,13,5
K1,437,1,9.371239614251957,9.174162719372127,5,11,5
K1,438,1,9.59903924568638,9.174162719372127,5,22,5
K1,439,1,8.427528303507705,9.174162719372127,3,13,3
K1,440,1,9.055128636500216,9.174162719372127,5,14,5
K1,441,1,9.657709267778149,9.174162719372127,4,13,4
K1,442,1,9.217188709546067,9.174162719372127,5,14,5
K1,443,1,9.72438175668317,9.174162719372127,6,17,6
K1,448,1,9.530105798926094,9.174162719372127,6,24,6
K1,449,1,8.839705993934363,9.174162719372127,3,8,3
K1,450,1,9.570541829106647,9.174162719372127,6,14,6
K1,451,1,9.542757917571091,9.174162719372127,7,31,7
K1,444,1,9.42073126973159,9.174162719372127,5,13,5
K1,445,1,9.68974959737855,9.174162719372127,5,13,5
K1,446,1,9.38762805555241,9.174162719372127,4,8,4
K1,447,1,9.242265794827874,9.174162719372127,6,29,6
K1,452,1,9.440594904949934,9.174162719372127,5,14,5
K1,453,1,8.324557751054806,9.174162719372127,5,19,5
K1,454,1,8.466861346478478,9.174162719372127,3,10,3
K1,455,1,9.047962238601267,9.174162719372127,4,15,4
K1,460,1,9.292637873351214,9.174162719372127,4,13,4
K1,461,1,9.292648846209836,9.174162719372127,4,14,4
K1,462,1,9.896563062974316,9.174162719372127,4,7,4
K1,463,1,8.719800491194663,9.174162719372127,5,13,5
K1,468,1,9.190996761482465,9.174162719372127,3,14,3
K1,469,1,8.740556211450834,9.174162719372127,4,8,4
K1,470,1,8.732285077636792,9.174162719372127,4,11,4
K1,471,1,8.972239799196469,9.174162719372127,4,9,4
K1,456,1,9.394426108844923,9.174162719372127,7,26,7
K1,457,1,9.110941709033655,9.174162719372127,5,14,5
K1,458,1,9.525310365153162,9.174162719372127,4,12,4
K1,459,1,9.297910582328258,9.174162719372127,7,17,7
K1,464,1,9.722806601511996,9.174162719372127,4,11,4
K1,465,1,9.787529791075054,9.174162719372127,7,23,7
K1,466,1,9.509006222712413,9.174162719372127,6,12,6
K1,467,1,9.67849153466804,9.174162719372127,4,13,4
K1,472,1,9.151920925355363,9.174162719372127,4,8,4
K1,473,1,8.581789801763355,9.174162719372127,5,21,5
K1,474,1,9.266157135274069,9.174162719372127,6,25,6
K1,475,1,9.303295989913185,9.174162719372127,3,7,3
K1,480,1,9.029183837919035,9.174162719372127,5,23,5
K1,481,1,8.757275811099188,9.174162719372127,5,20,5
K1,482,1,8.281900556631431,9.174162719372127,3,11,3
K1,483,1,8.89611788955198,9.174162719372127,4,14,4
K1,484,1,9.032523244178694,9.174162719372127,4,11,4
K1,485,1,8.381941466608419,9.174162719372127,3,11,3
K1,486,1,10.587724989640549,9.174162719372127,5,8,5
K1,487,1,8.895213375942909,9.174162719372127,4,16,4
K1,476,1,10.061755131700938,9.174162719372127,6,17,6
K1,477,1,10.6150445463364,9.174162719372127,4,6,4
K1,478,1,9.882482906249415,9.174162719372127,4,5,4
K1,479,1,8.5260290633194,9.174162719372127,5,29,5
K1,488,1,9.156813804939565,9.174162719372127,3,6,3
K1,489,1,8.96612789477099,9.174162719372127,5,20,5
K1,490,1,10.003257260052216,9.174162719372127,5,17,5
K1,491,1,8.965131847815847,9.174162719372127,5,13,5
K1,492,1,10.050648295212259,9.174162719372127,4,4,4
K1,493,1,9.358699681722541,9.174162719372127,4,18,4
K1,494,1,8.937129025997146,9.174162719372127,5,14,5
K1,495,1,9.515383038611413,9.174162719372127,4,9,4
K1,496,1,9.304218540271176,9.174162719372127,5,14,5
K1,497,1,10.306020601747067,9.174162719372127,4,6,4
K1,498,1,9.771463896766837,9.174162719372127,6,19,6
K1,499,1,8.726377532037867,9.174162719372127,5,18,5
K2,4,1,9.223980053956762,9.174162719372127,4,21,4
K2,5,1,9.875264530364396,9.174162719372127,4,7,4
K2,6,1,9.495835495970507,9.174162719372127,5,25,5
K2,7,1,9.616222464369793,9.174162719372127,5,18,5
K2,8,1,8.431504312490981,9.174162719372127,4,17,4
K2,9,1,9.151757453339949,9.174162719372127,4,26,4
K2,10,1,8.713484643552176,9.174162719372127,5,28,5
K2,11,1,8.294141003574588,9.174162719372127,4,24,4
K2,0,1,8.196096226855397,9.174162719372127,4,25,4
K2,1,1,9.332435752742272,9.174162719372127,5,22,5
K2,2,1,8.400464833960589,9.174162719372127,5,27,5
K2,3,1,10.910869251826737,9.174162719372127,4,9,4
K2,12,1,10.208899812419112,9.174162719372127,4,8,4
K2,13,1,9.5633084617086,9.174162719372127,6,23,6
K2,14,1,8.793687581069648,9.174162719372127,5,25,5
K2,15,1,8.888974896786614,9.174162719372127,5,29,5
K2,24,1,8.962601243130079,9.174162719372127,4,15,4
K2,25,1,9.549021813064867,9.174162719372127,5,21,5
K2,26,1,9.370617992025869,9.174162719372127,4,12,4
K2,27,1,9.540246866025882,9.174162719372127,4,15,4
K2,16,1,9.488082164430999,9.174162719372127,5,19,5
K2,17,1,9.409460647788274,9.174162719372127,5,18,5
K2,18,1,9.250735359297666,9.174162719372127,4,15,4
K2,19,1,8.886688238098362,9.174162719372127,4,18,4
K2,28,1,9.374296099739261,9.174162719372127,4,22,4
K2,29,1,9.193593596321401,9.174162719372127,5,27,5
K2,30,1,9.423847701887174,9.174162719372127,4,15,4
K2,31,1,9.641082696178092,9.174162719372127,5,17,5
K2,32,1,9.256566157982963,9.174162719372127,5,18,5
K2,33,1,9.105465857537492,9.174162719372127,4,13,4
K2,34,1,9.593145929228758,9.174162719372127,5,20,5
K2,35,1,9.563336372891497,9.174162719372127,4,14,4
K2,20,1,9.00057262127965,9.174162719372127,4,25,4
K2,21,1,9.649187000144314,9.174162719372127,5,20,5
K2,22,1,8.506377682566814,9.174162719372127,4,12,4
K2,23,1,8.596836753020192,9.174162719372127,5,26,5
K2,36,1,8.976760253868925,9.174162719372127,5,32,5
K2,37,1,9.34419849676536,9.174162719372127,4,17,4
K2,38,1,9.121792054783455,9.174162719372127,4,18,4
K2,39,1,9.416950223639054,9.174162719372127,5,19,5
K2,40,1,8.070507655888946,9.174162719372127,4,20,4
K2,41,1,8.509998440157489,9.174162719372127,4,20,4
K2,42,1,9.982712345991038,9.174162719372127,4,11,4
K2,43,1,9.500198642109916,9.174162719372127,4,15,4
K2,48,1,9.101213413403261,9.174162719372127,5,29,5
K2,49,1,8.756788311516948,9.174162719372127,5,26,5
K2,50,1,9.45491039702433,9.174162719372127,4,21,4
K2,51,1,8.958406160825866,9.174162719372127,3,11,3
K2,44,1,9.170373470368741,9.174162719372127,4,12,4
K2,45,1,9.544987471335128,9.174162719372127,5,28,5
K2,46,1,8.71454174077751,9.174162719372127,4,18,4
K2,47,1,8.750650853788615,9.174162719372127,5,27,5
K2,52,1,8.922504076053228,9.174162719372127,4,28,4
K2,53,1,9.071973640038532,9.174162719372127,4,24,4
K2,54,1,9.500119429573969,9.174162719372127,5,13,5
K2,55,1,8.449641789564717,9.174162719372127,5,27,5
K2,56,1,9.012325688970941,9.174162719372127,4,15,4
K2,57,1,9.277680752887985,9.174162719372127,4,14,4
K2,58,1,9.559767418517797,9.174162719372127,4,13,4
K2,59,1,9.130664076788099,9.174162719372127,5,38,5
K2,64,1,9.236783284515134,9.174162719372127,5,26,5
K2,65,1,8.234818944573794,9.174162719372127,3,8,3
K2,66,1,8.817827998820404,9.174162719372127,5,29,5
K2,67,1,9.151858959767406,9.174162719372127,3,10,3
K2,60,1,8.817803346121487,9.174162719372127,5,22,5
K2,61,1,9.886571862051925,9.174162719372127,5,15,5
K2,62,1,9.045783135052934,9.174162719372127,5,20,5
K2,63,1,8.45353350730392,9.174162719372127,5,30,5
K2,68,1,9.3352568395378,9.174162719372127,4,15,4
K2,69,1,9.162013425401067,9.174162719372127,4,17,4
K2,70,1,8.589468894685288,9.174162719372127,3,13,3
K2,71,1,10.698329924266176,9.174162719372127,5,10,5
K2,72,1,8.6109316068535,9.174162719372127,3,11,3
K2,73,1,9.26080426393165,9.174162719372127,3,16,3
K2,74,1,9.351520611858925,9.174162719372127,5,20,5
K2,75,1,8.540042475983851,9.174162719372127,4,17,4
K2,76,1,8.456285989616076,9.174162719372127,4,15,4
K2,77,1,8.861612700015485,9.174162719372127,4,34,4
K2,78,1,9.293225046949484,9.174162719372127,4,14,4
K2,79,1,8.970165521322393,9.174162719372127,5,16,5
K2,84,1,8.836851395013447,9.174162719372127,5,16,5
K2,85,1,9.285475617191945,9.174162719372127,4,26,4
K2,86,1,8.988877976534809,9.174162719372127,4,21,4
K2,87,1,8.733353473361175,9.174162719372127,4,20,4
K2,80,1,9.135188349350743,9.174162719372127,5,15,5
K2,81,1,9.059715465533515,9.174162719372127,5,17,5
K2,82,1,8.808230677275203,9.174162719372127,4,29,4
K2,83,1,9.1780094984197,9.174162719372127,4,22,4
K2,88,1,9.857622049219625,9.174162719372127,5,21,5
K2,89,1,8.255864725203494,9.174162719372127,5,28,5
K2,90,1,9.185777090435245,9.174162719372127,4,17,4
K2,91,1,9.13813332705737,9.174162719372127,4,15,4
K2,92,1,9.417819607759313,9.174162719372127,3,6,3
K2,93,1,9.625424322188053,9.174162719372127,4,12,4
K2,94,1,8.877121828166562,9.174162719372127,4,31,4
K2,95,1,9.178873345908722,9.174162719372127,5,17,5
K2,96,1,9.201560834281773,9.174162719372127,5,17,5
K2,97,1,8.388797995769831,9.174162719372127,5,31,5
K2,98,1,9.44648666492091,9.174162719372127,6,26,6
K2,99,1,8.852905146965533,9.174162719372127,4,22,4
K2,100,1,9.310643914780544,9.174162719372127,4,11,4
K2,101,1,8.825473304729229,9.174162719372127,4,22,4
K2,102,1,8.57137118290214,9.174162719372127,4,10,4
K2,103,1,10.280995281970473,9.174162719372127,4,8,4
K2,104,1,9.433431590366657,9.174162719372127,4,17,4
K2,105,1,9.509179864792962,9.174162719372127,5,28,5
K2,106,1,9.915574059116762,9.174162719372127,5,10,5
K2,107,1,9.151033134279901,9.174162719372127,5,22,5
K2,108,1,10.025148176282089,9.174162719372127,4,9,4
K2,109,1,9.071956845673878,9.174162719372127,5,27,5
K2,110,1,9.361250040751584,9.174162719372127,5,24,5
K2,111,1,9.727470306471051,9.174162719372127,5,15,5
K2,112,1,9.47068433018217,9.174162719372127,5,17,5
K2,113,1,9.370270317219882,9.174162719372127,4,21,4
K2,114,1,9.637365503914626,9.174162719372127,5,22,5
K2,115,1,9.24227472788484,9.174162719372127,5,16,5
K2,116,1,10.018277499269873,9.174162719372127,4,19,4
K2,117,1,8.314613923221708,9.174162719372127,6,39,6
K2,118,1,9.171898838886806,9.174162719372127,4,16,4
K2,119,1,9.59568056987151,9.174162719372127,5,31,5
K2,124,1,9.10026431695415,9.174162719372127,4,14,4
K2,125,1,10.370136749111987,9.174162719372127,5,9,5
K2,126,1,9.084593230671937,9.174162719372127,4,19,4
K2,127,1,8.816995728847399,9.174162719372127,3,18,3
K2,120,1,10.046426661054284,9.174162719372127,5,16,5
K2,121,1,9.058541897214397,9.174162719372127,5,31,5
K2,122,1,9.612046540911528,9.174162719372127,5,27,5
K2,123,1,8.679958434959698,9.174162719372127,5,20,5
K2,136,1,9.092942611742027,9.174162719372127,4,19,4
K2,137,1,9.177387908971701,9.174162719372127,4,20,4
K2,138,1,8.388680393726254,9.174162719372127,3,12,3
K2,139,1,9.921704133322772,9.174162719372127,4,10,4
K2,128,1,8.870397317369557,9.174162719372127,5,24,5
K2,129,1,8.460493348781428,9.174162719372127,5,27,5
K2,130,1,8.489409858642832,9.174162719372127,4,14,4
K2,131,1,8.995308589424276,9.174162719372127,4,23,4
K2,132,1,8.814028321972186,9.174162719372127,4,24,4
K2,133,1,8.367681376782024,9.174162719372127,3,23,3
K2,134,1,9.78597154253723,9.174162719372127,5,18,5
K2,135,1,9.008878941488026,9.174162719372127,4,12,4
K2,144,1,8.933200814212393,9.174162719372127,4,13,4
K2,145,1,9.702605235048546,9.174162719372127,5,25,5
K2,146,1,8.95330671979834,9.174162719372127,5,32,5
K2,147,1,9.450141377366448,9.174162719372127,4,18,4
K2,140,1,9.790137073805294,9.174162719372127,5,19,5
K2,141,1,8.788932412922515,9.174162719372127,5,24,5
K2,142,1,8.666803821949033,9.174162719372127,5,27,5
K2,143,1,8.782715715621316,9.174162719372127,4,15,4
K2,148,1,9.285084067649793,9.174162719372127,5,17,5
K2,149,1,9.826497149959714,9.174162719372127,6,31,6
K2,150,1,9.146647878521422,9.174162719372127,4,27,4
K2,151,1,10.034988766988509,9.174162719372127,4,9,4
K2,152,1,8.70070803979689,9.174162719372127,5,30,5
K2,153,1,9.483866334015328,9.174162719372127,5,23,5
K2,154,1,9.478877081612167,9.174162719372127,5,26,5
K2,155,1,9.473623736552014,9.174162719372127,4,15,4
K2,160,1,9.860448950099833,9.174162719372127,5,15,5
K2,161,1,9.284603128207848,9.174162719372127,4,21,4
K2,162,1,9.423877436442318,9.174162719372127,5,23,5
K2,163,1,9.243676826098369,9.174162719372127,4,15,4
K2,156,1,9.242534307617838,9.174162719372127,5,27,5
K2,157,1,9.235203959072951,9.174162719372127,5,18,5
K2,158,1,9.640893133991716,9.174162719372127,4,11,4
K2,159,1,9.595589186608802,9.174162719372127,4,14,4
K2,164,1,10.037474912209126,9.174162719372127,5,12,5
K2,165,1,9.590171242428218,9.174162719372127,4,24,4
K2,166,1,9.837596768397306,9.174162719372127,5,23,5
K2,167,1,8.886790662741738,9.174162719372127,4,17,4
K2,168,1,9.702328338758507,9.174162719372127,3,9,3
K2,169,1,9.064839533312762,9.174162719372127,4,17,4
K2,170,1,9.138356345857286,9.174162719372127,4,18,4
K2,171,1,9.030434509017805,9.174162719372127,3,12,3
K2,172,1,9.104212144195362,9.174162719372127,4,36,4
K2,173,1,8.499438800408909,9.174162719372127,5,31,5
K2,174,1,9.554336879110101,9.174162719372127,4,18,4
K2,175,1,9.110687281358336,9.174162719372127,5,22,5
K2,176,1,9.39087887499936,9.174162719372127,4,16,4
K2,177,1,9.470834757278931,9.174162719372127,4,12,4
K2,178,1,8.808441233004455,9.174162719372127,5,23,5
K2,179,1,8.881692172868608,9.174162719372127,5,30,5
K2,184,1,9.019749951849631,9.174162719372127,4,16,4
K2,185,1,9.076705865029439,9.174162719372127,3,15,3
K2,186,1,8.988194136597077,9.174162719372127,4,17,4
K2,187,1,9.073072193050631,9.174162719372127,5,25,5
K2,180,1,9.032055617785856,9.174162719372127,4,22,4
K2,181,1,9.357205428852293,9.174162719372127,5,15,5
K2,182,1,9.999749791524659,9.174162719372127,4,16,4
K2,183,1,8.693383254871772,9.174162719372127,5,27,5
K2,188,1,9.660726033419763,9.174162719372127,5,19,5
K2,189,1,9.028015543238148,9.174162719372127,4,19,4
K2,190,1,9.22802087101828,9.174162719372127,5,28,5
K2,191,1,8.583210156541456,9.174162719372127,3,22,3
K2,192,1,9.319974400083197,9.174162719372127,5,25,5
K2,193,1,8.770166219329608,9.174162719372127,3,18,3
K2,194,1,9.626188720282169,9.174162719372127,4,15,4
K2,195,1,8.981137905627637,9.174162719372127,4,19,4
K2,196,1,9.332637364086702,9.174162719372127,5,20,5
K2,197,1,8.646176764519712,9.174162719372127,4,23,4
K2,198,1,9.063263763195353,9.174162719372127,5,22,5
K2,199,1,9.456251096721244,9.174162719372127,5,31,5
K2,200,1,9.3123405150172,9.174162719372127,5,19,5
K2,201,1,9.468835400670908,9.174162719372127,5,26,5
K2,202,1,10.172150806010718,9.174162719372127,4,11,4
K2,203,1,8.283978446299663,9.174162719372127,4,30,4
K2,204,1,9.263469131395551,9.174162719372127,5,23,5
K2,205,1,8.627601196816052,9.174162719372127,4,21,4
K2,206,1,9.831847596483005,9.174162719372127,5,12,5
K2,207,1,9.681970887169784,9.174162719372127,5,21,5
K2,208,1,9.99009831723239,9.174162719372127,4,15,4
K2,209,1,8.51266441238581,9.174162719372127,4,14,4
K2,210,1,9.7359941620628,9.174162719372127,5,13,5
K2,211,1,9.360221226704907,9.174162719372127,4,16,4
K2,212,1,9.929978563558175,9.174162719372127,4,11,4
K2,213,1,9.054274879717358,9.174162719372127,4,17,4
K2,214,1,10.207380249461671,9.174162719372127,4,12,4
K2,215,1,9.118543885370833,9.174162719372127,5,29,5
K2,216,1,8.743091038339623,9.174162719372127,4,32,4
K2,217,1,8.913148266951215,9.174162719372127,6,32,6
K2,218,1,8.736326655645199,9.174162719372127,5,20,5
K2,219,1,9.354841500935496,9.174162719372127,4,21,4
K2,220,1,8.776774445758187,9.174162719372127,4,35,4
K2,221,1,9.301786737105692,9.174162719372127,4,19,4
K2,222,1,10.017741104318617,9.174162719372127,5,14,5
K2,223,1,8.923441529026931,9.174162719372127,4,19,4
K2,224,1,10.331088850393646,9.174162719372127,4,10,4
K2,225,1,8.921191397520303,9.174162719372127,5,39,5
K2,226,1,9.079205983606926,9.174162719372127,5,28,5
K2,227,1,9.2123557194166,9.174162719372127,5,26,5
K2,232,1,8.959497736840058,9.174162719372127,4,27,4
K2,233,1,8.746994251942438,9.174162719372127,3,24,3
K2,234,1,8.815986008168775,9.174162719372127,5,39,5
K2,235,1,8.845901756620481,9.174162719372127,5,19,5
K2,228,1,9.13785365233066,9.174162719372127,5,23,5
K2,229,1,8.96226266253246,9.174162719372127,4,15,4
K2,230,1,9.082687216618718,9.174162719372127,5,25,5
K2,231,1,8.999102869404908,9.174162719372127,5,23,5
K2,244,1,9.294468777461171,9.174162719372127,4,14,4
K2,245,1,9.89656005900092,9.174162719372127,4,19,4
K2,246,1,9.680275154349165,9.174162719372127,5,30,5
K2,247,1,9.231980825875024,9.174162719372127,5,15,5
K2,236,1,9.1979100292406,9.174162719372127,3,16,3
K2,237,1,9.962903742582307,9.174162719372127,4,12,4
K2,238,1,8.796814472270963,9.174162719372127,5,28,5
K2,239,1,9.92495054405696,9.174162719372127,5,17,5
K2,248,1,9.726739812693431,9.174162719372127,4,13,4
K2,249,1,9.602568538044913,9.174162719372127,5,20,5
K2,250,1,8.692289890216829,9.174162719372127,4,21,4
K2,251,1,9.181127684812797,9.174162719372127,5,21,5
K2,240,1,9.660404935231874,9.174162719372127,5,11,5
K2,241,1,9.141302388612337,9.174162719372127,5,33,5
K2,242,1,8.587697032495978,9.174162719372127,4,16,4
K2,243,1,9.42544710610855,9.174162719372127,5,22,5
K2,252,1,8.57209202595224,9.174162719372127,4,23,4
K2,253,1,8.785087605098536,9.174162719372127,3,13,3
K2,254,1,9.158590537714302,9.174162719372127,4,19,4
K2,255,1,8.781786423484725,9.174162719372127,5,33,5
K2,256,1,9.217197823402703,9.174162719372127,4,20,4
K2,257,1,9.454428882952417,9.174162719372127,4,18,4
K2,258,1,9.13187489532982,9.174162719372127,4,24,4
K2,259,1,9.937347133737175,9.174162719372127,5,19,5
K2,264,1,9.477754092898932,9.174162719372127,4,16,4
K2,265,1,9.539379160534944,9.174162719372127,4,11,4
K2,266,1,9.212724285423135,9.174162719372127,5,20,5
K2,267,1,9.349149983218233,9.174162719372127,4,19,4
K2,260,1,9.646139567686026,9.174162719372127,5,22,5
K2,261,1,8.43363925608745,9.174162719372127,4,22,4
K2,262,1,10.097763173351089,9.174162719372127,4,11,4
K2,263,1,9.393812957784817,9.174162719372127,5,24,5
K2,268,1,9.345885122270206,9.174162719372127,5,22,5
K2,269,1,9.176574825039513,9.174162719372127,4,13,4
K2,270,1,9.580114651630556,9.174162719372127,5,14,5
K2,271,1,9.236342141031985,9.174162719372127,5,23,5
K2,272,1,9.164831224897892,9.174162719372127,5,26,5
K2,273,1,9.18777541969753,9.174162719372127,5,30,5
K2,274,1,9.100045715023736,9.174162719372127,5,34,5
K2,275,1,8.656908546360333,9.174162719372127,4,17,4
K2,276,1,8.836496968092767,9.174162719372127,5,23,5
K2,277,1,10.077610010707486,9.174162719372127,4,20,4
K2,278,1,8.324941620393629,9.174162719372127,3,22,3
K2,279,1,10.304110220244791,9.174162719372127,4,9,4
K2,280,1,7.85087947343018,9.174162719372127,3,16,3
K2,281,1,9.485339554741385,9.174162719372127,5,17,5
K2,282,1,8.841327856903884,9.174162719372127,4,29,4
K2,283,1,9.072571158010792,9.174162719372127,4,11,4
K2,284,1,9.43658804050536,9.174162719372127,5,20,5
K2,285,1,8.774616282705038,9.174162719372127,5,23,5
K2,286,1,8.98449030453215,9.174162719372127,4,15,4
K2,287,1,9.12738727979645,9.174162719372127,5,17,5
K2,292,1,9.246764894529974,9.174162719372127,5,23,5
K2,293,1,9.526339990349337,9.174162719372127,4,16,4
K2,294,1,9.315680693008185,9.174162719372127,4,15,4
K2,295,1,10.00666923014856,9.174162719372127,5,20,5
K2,288,1,8.800381958863055,9.174162719372127,5,24,5
K2,289,1,9.026052160390329,9.174162719372127,4,15,4
K2,290,1,9.03457373681816,9.174162719372127,5,19,5
K2,291,1,9.57165689567381,9.174162719372127,4,16,4
K2,300,1,9.117460862399081,9.174162719372127,3,13,3
K2,301,1,8.859171182586275,9.174162719372127,3,14,3
K2,302,1,9.371862542676187,9.174162719372127,5,15,5
K2,303,1,8.919911481476737,9.174162719372127,4,20,4
K2,296,1,9.649715150076187,9.174162719372127,4,14,4
K2,297,1,9.49262334574698,9.174162719372127,5,35,5
K2,298,1,9.282819689030173,9.174162719372127,5,16,5
K2,299,1,9.118768468218672,9.174162719372127,5,20,5
K2,308,1,9.103194801272872,9.174162719372127,4,10,4
K2,309,1,8.97685799272269,9.174162719372127,4,13,4
K2,310,1,9.62851463439555,9.174162719372127,4,15,4
K2,311,1,9.072631571258114,9.174162719372127,4,9,4
K2,304,1,8.71689945268262,9.174162719372127,4,28,4
K2,305,1,9.380541431934956,9.174162719372127,4,10,4
K2,306,1,9.521778548269276,9.174162719372127,4,19,4
K2,307,1,9.473163346992342,9.174162719372127,4,20,4
K2,316,1,9.264609013486831,9.174162719372127,4,35,4
K2,317,1,8.776854581473975,9.174162719372127,4,13,4
K2,318,1,9.74352815682158,9.174162719372127,4,13,4
K2,319,1,9.05505420247658,9.174162719372127,4,20,4
K2,312,1,9.104582625778622,9.174162719372127,5,19,5
K2,313,1,9.287595381572437,9.174162719372127,4,21,4
K2,314,1,9.587550647220587,9.174162719372127,4,20,4
K2,315,1,10.129219351888361,9.174162719372127,5,19,5
K2,320,1,9.898232167305764,9.174162719372127,4,14,4
K2,321,1,8.983620050706692,9.174162719372127,5,25,5
K2,322,1,8.73551661685804,9.174162719372127,5,40,5
K2,323,1,8.938673376403035,9.174162719372127,3,8,3
K2,324,1,9.799016550605055,9.174162719372127,4,13,4
K2,325,1,9.636159422213812,9.174162719372127,4,9,4
K2,326,1,8.307719337183649,9.174162719372127,4,16,4
K2,327,1,9.852481144161752,9.174162719372127,4,14,4
K2,328,1,8.890467282616545,9.174162719372127,4,23,4
K2,329,1,8.91789994126009,9.174162719372127,4,15,4
K2,330,1,9.223205686514246,9.174162719372127,4,24,4
K2,331,1,9.135769636168323,9.174162719372127,4,23,4
K2,336,1,8.813734853076681,9.174162719372127,3,12,3
K2,337,1,9.17522529998857,9.174162719372127,4,14,4
K2,338,1,9.734400758656957,9.174162719372127,4,17,4
K2,339,1,9.234123606241317,9.174162719372127,4,15,4
K2,332,1,9.742613102191656,9.174162719372127,4,16,4
K2,333,1,8.919185289767766,9.174162719372127,4,23,4
K2,334,1,9.102998714504986,9.174162719372127,4,14,4
K2,335,1,9.28722638799622,9.174162719372127,5,22,5
K2,344,1,8.958409506942287,9.174162719372127,5,24,5
K2,345,1,9.706786644087511,9.174162719372127,4,17,4
K2,346,1,9.3598914593583,9.174162719372127,5,15,5
K2,347,1,9.20607886191264,9.174162719372127,4,17,4
K2,340,1,9.818755128585346,9.174162719372127,5,17,5
K2,341,1,8.873637715167241,9.174162719372127,5,16,5
K2,342,1,8.876674287567335,9.174162719372127,5,12,5
K2,343,1,7.970097909302544,9.174162719372127,4,29,4
K2,356,1,9.382921424636692,9.174162719372127,5,15,5
K2,357,1,8.825914542404028,9.174162719372127,3,15,3
K2,358,1,9.286959289172108,9.174162719372127,5,28,5
K2,359,1,8.973331275618298,9.174162719372127,5,28,5
K2,348,1,8.786651573163601,9.174162719372127,4,19,4
K2,349,1,8.553452006888094,9.174162719372127,5,26,5
K2,350,1,9.137825409012025,9.174162719372127,5,25,5
K2,351,1,9.568841198343774,9.174162719372127,5,14,5
K2,364,1,9.774375514153803,9.174162719372127,5,13,5
K2,365,1,9.784556177205769,9.174162719372127,4,14,4
K2,366,1,9.39190156825123,9.174162719372127,5,13,5
K2,367,1,9.366137549436324,9.174162719372127,3,6,3
K2,352,1,8.767298566702372,9.174162719372127,5,31,5
K2,353,1,8.769032851142615,9.174162719372127,5,28,5
K2,354,1,9.171898507141076,9.174162719372127,5,20,5
K2,355,1,8.376074070562442,9.174162719372127,5,45,5
K2,360,1,8.538697275523528,9.174162719372127,4,21,4
K2,361,1,9.077093927543926,9.174162719372127,5,19,5
K2,362,1,8.800793458999966,9.174162719372127,4,16,4
K2,363,1,8.932950493881744,9.174162719372127,5,25,5
K2,368,1,9.198748384775937,9.174162719372127,5,15,5
K2,369,1,9.602182931069352,9.174162719372127,5,19,5
K2,370,1,8.693629293113085,9.174162719372127,5,25,5
K2,371,1,8.971795461149078,9.174162719372127,4,13,4
K2,372,1,9.244960132928947,9.174162719372127,4,22,4
K2,373,1,10.404100182098558,9.174162719372127,4,15,4
K2,374,1,8.073822759663667,9.174162719372127,5,19,5
K2,375,1,9.101812466468292,9.174162719372127,4,13,4
K2,376,1,9.86225048753225,9.174162719372127,5,17,5
K2,377,1,8.760941399097042,9.174162719372127,5,33,5
K2,378,1,9.260508146398333,9.174162719372127,5,34,5
K2,379,1,8.67818587928445,9.174162719372127,5,25,5
K2,380,1,9.289996907416302,9.174162719372127,5,21,5
K2,381,1,9.412803529091654,9.174162719372127,4,20,4
K2,382,1,9.765471001865643,9.174162719372127,4,18,4
K2,383,1,9.22896504973129,9.174162719372127,4,20,4
K2,388,1,9.682009418655582,9.174162719372127,4,15,4
K2,389,1,9.299674868202805,9.174162719372127,4,18,4
K2,390,1,9.78480186438246,9.174162719372127,4,20,4
K2,391,1,9.400233968459501,9.174162719372127,4,16,4
K2,384,1,9.094796327845735,9.174162719372127,4,20,4
K2,385,1,8.979422318563875,9.174162719372127,3,15,3
K2,386,1,9.313755716863552,9.174162719372127,5,21,5
K2,387,1,9.650111190162253,9.174162719372127,5,18,5
K2,392,1,8.48415937812624,9.174162719372127,4,30,4
K2,393,1,9.58397074930353,9.174162719372127,4,20,4
K2,394,1,9.36796794061967,9.174162719372127,5,22,5
K2,395,1,8.959446856428196,9.174162719372127,5,23,5
K2,396,1,9.542134363575046,9.174162719372127,4,16,4
K2,397,1,9.295260097992216,9.174162719372127,5,23,5
K2,398,1,9.050921949051073,9.174162719372127,4,21,4
K2,399,1,9.34509279687473,9.174162719372127,5,26,5
K2,404,1,9.023976600241305,9.174162719372127,5,22,5
K2,405,1,9.153273194640137,9.174162719372127,5,19,5
K2,406,1,9.862364747891467,9.174162719372127,5,22,5
K2,407,1,8.924898793594057,9.174162719372127,4,27,4
K2,420,1,8.320370585331041,9.174162719372127,3,22,3
K2,421,1,9.735117262167513,9.174162719372127,5,12,5
K2,422,1,9.442438217970818,9.174162719372127,4,18,4
K2,423,1,9.439569165790369,9.174162719372127,5,23,5
K2,400,1,9.2950865392787,9.174162719372127,5,17,5
K2,401,1,8.9884263092624,9.174162719372127,4,13,4
K2,402,1,8.958797977587109,9.174162719372127,5,24,5
K2,403,1,8.863347940314277,9.174162719372127,5,16,5
K2,412,1,8.507404990186654,9.174162719372127,5,32,5
K2,413,1,8.968199093265145,9.174162719372127,5,27,5
K2,414,1,9.559891440083181,9.174162719372127,4,16,4
K2,415,1,9.644255000650247,9.174162719372127,4,18,4
K2,408,1,9.024367992048639,9.174162719372127,5,33,5
K2,409,1,8.888688018301343,9.174162719372127,5,16,5
K2,410,1,9.114428550450539,9.174162719372127,4,17,4
K2,411,1,8.97508924696269,9.174162719372127,5,26,5
K2,416,1,9.3035267384397,9.174162719372127,5,21,5
K2,417,1,8.83117643200497,9.174162719372127,4,16,4
K2,418,1,9.257175690235906,9.174162719372127,5,28,5
K2,419,1,8.676189425290316,9.174162719372127,5,28,5
K2,424,1,9.124974496774216,9.174162719372127,5,27,5
K2,425,1,8.699861541168017,9.174162719372127,5,26,5
K2,426,1,8.015644269570696,9.174162719372127,4,21,4
K2,427,1,9.063574551075705,9.174162719372127,4,27,4
K2,428,1,9.40580278731469,9.174162719372127,5,19,5
K2,429,1,9.278668383018829,9.174162719372127,5,21,5
K2,430,1,9.520003259011666,9.174162719372127,4,15,4
K2,431,1,8.841748383312602,9.174162719372127,4,23,4
K2,436,1,8.630733623140843,9.174162719372127,4,23,4
K2,437,1,8.314979650805677,9.174162719372127,4,31,4
K2,438,1,8.580305830081864,9.174162719372127,4,27,4
K2,439,1,9.50722228103568,9.174162719372127,5,22,5
K2,432,1,9.903450325793836,9.174162719372127,4,7,4
K2,433,1,9.428966806660245,9.174162719372127,4,17,4
K2,434,1,9.136529814678498,9.174162719372127,5,15,5
K2,435,1,9.81055023053119,9.174162719372127,5,17,5
K2,440,1,8.88881166823327,9.174162719372127,4,25,4
K2,441,1,9.255016643259438,9.174162719372127,3,12,3
K2,442,1,9.100771251856628,9.174162719372127,4,17,4
K2,443,1,9.568272947766467,9.174162719372127,5,20,5
K2,448,1,9.497979281782637,9.174162719372127,5,28,5
K2,449,1,9.754546955828872,9.174162719372127,5,18,5
K2,450,1,8.589412897896665,9.174162719372127,4,25,4
K2,451,1,9.599269159242489,9.174162719372127,4,18,4
K2,444,1,9.3126627765405,9.174162719372127,6,30,6
K2,445,1,8.318325525276874,9.174162719372127,4,23,4
K2,446,1,8.851714719721977,9.174162719372127,5,17,5
K2,447,1,9.145804848786813,9.174162719372127,5,22,5
K2,452,1,9.123146318831106,9.174162719372127,5,22,5
K2,453,1,9.608748059784132,9.174162719372127,5,33,5
K2,454,1,9.13450157496532,9.174162719372127,5,15,5
K2,455,1,9.50770350737538,9.174162719372127,5,17,5
K2,460,1,8.812507858326478,9.174162719372127,3,14,3
K2,461,1,10.09659245635364,9.174162719372127,5,13,5
K2,462,1,8.36602431242328,9.174162719372127,4,21,4
K2,463,1,9.715732158424702,9.174162719372127,4,18,4
K2,456,1,9.277342490610508,9.174162719372127,4,16,4
K2,457,1,8.464846947962037,9.174162719372127,4,20,4
K2,458,1,9.81533397756655,9.174162719372127,5,16,5
K2,459,1,8.960774262562964,9.174162719372127,4,23,4
K2,472,1,8.896439222805798,9.174162719372127,4,18,4
K2,473,1,9.16094389640415,9.174162719372127,5,19,5
K2,474,1,9.049260662648045,9.174162719372127,4,14,4
K2,475,1,9.367554066823866,9.174162719372127,5,14,5
K2,468,1,9.46638073658406,9.174162719372127,5,19,5
K2,469,1,8.72386559561245,9.174162719372127,5,28,5
K2,470,1,8.83892438180268,9.174162719372127,4,15,4
K2,471,1,9.580382459694748,9.174162719372127,3,9,3
K2,464,1,8.47118549208354,9.174162719372127,5,26,5
K2,465,1,8.464663877258277,9.174162719372127,5,34,5
K2,466,1,8.671008715414546,9.174162719372127,4,28,4
K2,467,1,9.47094330784179,9.174162719372127,5,28,5
K2,476,1,9.358363465574598,9.174162719372127,4,20,4
K2,477,1,9.381853858345615,9.174162719372127,5,15,5
K2,478,1,9.459219912180055,9.174162719372127,4,16,4
K2,479,1,8.661676535708946,9.174162719372127,4,23,4
K2,480,1,9.265227697156918,9.174162719372127,4,16,4
K2,481,1,9.232001272909383,9.174162719372127,4,22,4
K2,482,1,9.671896622831543,9.174162719372127,4,14,4
K2,483,1,8.813282312250077,9.174162719372127,4,11,4
K2,492,1,9.499768327313006,9.174162719372127,4,20,4
K2,493,1,9.226693970478342,9.174162719372127,4,11,4
K2,494,1,8.398377575766172,9.174162719372127,3,16,3
K2,495,1,9.373298604533483,9.174162719372127,4,18,4
K2,484,1,9.00363375187944,9.174162719372127,4,12,4
K2,485,1,9.020028863242107,9.174162719372127,5,19,5
K2,486,1,9.350461386560317,9.174162719372127,5,21,5
K2,487,1,8.737782786000205,9.174162719372127,4,26,4
K2,488,1,8.90668060967239,9.174162719372127,5,16,5
K2,489,1,9.483877139949476,9.174162719372127,4,13,4
K2,490,1,9.832756154020025,9.174162719372127,5,17,5
K2,491,1,9.026562843973016,9.174162719372127,4,12,4
K2,496,1,9.810741789055804,9.174162719372127,4,14,4
K2,497,1,9.798965263256331,9.174162719372127,3,6,3
K2,498,1,8.987045515639773,9.174162719372127,4,28,4
K2,499,1,9.148064367192914,9.174162719372127,4,24,4
K3,0,1,8.79742308645662,9.174162719372127,4,20,4
K3,1,1,9.093852414787483,9.174162719372127,4,28,4
K3,2,1,8.517881976367091,9.174162719372127,4,19,4
K3,3,1,9.642724039564849,9.174162719372127,4,17,4
K3,4,1,10.106516842103595,9.174162719372127,5,22,5
K3,5,1,9.953960733076729,9.174162719372127,4,13,4
K3,6,1,8.672070256890732,9.174162719372127,3,17,3
K3,7,1,8.5320222137297,9.174162719372127,4,25,4
K3,8,1,9.085164689515711,9.174162719372127,4,22,4
K3,9,1,9.44160974195141,9.174162719372127,4,24,4
K3,10,1,9.449792418059335,9.174162719372127,5,29,5
K3,11,1,9.316287534717727,9.174162719372127,5,31,5
K3,12,1,8.705253174710998,9.174162719372127,4,31,4
K3,13,1,9.177572438231365,9.174162719372127,3,17,3
K3,14,1,9.791330295015888,9.174162719372127,4,17,4
K3,15,1,9.662640275930137,9.174162719372127,3,9,3
K3,20,1,8.798312059494783,9.174162719372127,4,33,4
K3,21,1,8.625361960638376,9.174162719372127,3,16,3
K3,22,1,8.421955732383335,9.174162719372127,3,22,3
K3,23,1,8.789627289456929,9.174162719372127,4,28,4
K3,16,1,8.914095900203975,9.174162719372127,4,20,4
K3,17,1,9.753327238928872,9.174162719372127,4,16,4
K3,18,1,9.200591118503848,9.174162719372127,3,28,3
K3,19,1,9.212074418053147,9.174162719372127,4,10,4
K3,24,1,9.216853987254103,9.174162719372127,4,24,4
K3,25,1,8.775302337037356,9.174162719372127,3,19,3
K3,26,1,8.755347323573409,9.174162719372127,4,20,4
K3,27,1,9.71052333232429,9.174162719372127,4,19,4
K3,28,1,9.123432549088397,9.174162719372127,4,13,4
K3,29,1,9.373595975065166,9.174162719372127,3,6,3
K3,30,1,9.708654621034535,9.174162719372127,5,22,5
K3,31,1,8.770366455035377,9.174162719372127,3,17,3
K3,36,1,10.006689928754927,9.174162719372127,4,17,4
K3,37,1,8.720951947138401,9.174162719372127,4,19,4
K3,38,1,8.944501894604285,9.174162719372127,4,29,4
K3,39,1,8.975656701425107,9.174162719372127,4,32,4
K3,32,1,9.509023933605967,9.174162719372127,3,10,3
K3,33,1,9.086613572477596,9.174162719372127,3,13,3
K3,34,1,9.437831822402941,9.174162719372127,5,14,5
K3,35,1,9.779567563748124,9.174162719372127,4,15,4
K3,40,1,9.008293280840201,9.174162719372127,4,24,4
K3,41,1,8.776615960758356,9.174162719372127,4,35,4
K3,42,1,8.857683717484168,9.174162719372127,4,30,4
K3,43,1,9.530658764621316,9.174162719372127,5,27,5
K3,48,1,8.706607383684334,9.174162719372127,3,26,3
K3,49,1,8.752132806411533,9.174162719372127,5,33,5
K3,50,1,8.91526351773572,9.174162719372127,3,8,3
K3,51,1,8.432614033597702,9.174162719372127,3,15,3
K3,44,1,8.758135912448987,9.174162719372127,4,22,4
K3,45,1,9.186181257384247,9.174162719372127,5,27,5
K3,46,1,9.03890512317899,9.174162719372127,4,15,4
K3,47,1,9.670071590921342,9.174162719372127,5,26,5
K3,52,1,9.895854892308872,9.174162719372127,5,33,5
K3,53,1,8.61688835434897,9.174162719372127,4,22,4
K3,54,1,8.956186923066026,9.174162719372127,5,27,5
K3,55,1,8.797588524860148,9.174162719372127,4,28,4
K3,56,1,9.45200156381812,9.174162719372127,4,16,4
K3,57,1,8.960807206099421,9.174162719372127,4,29,4
K3,58,1,8.793427347918406,9.174162719372127,4,23,4
K3,59,1,9.672236878379834,9.174162719372127,4,16,4
K3,60,1,8.983447119435066,9.174162719372127,4,28,4
K3,61,1,8.52451961976418,9.174162719372127,4,39,4
K3,62,1,9.119195174459884,9.174162719372127,4,24,4
K3,63,1,9.74554457032331,9.174162719372127,3,10,3
K3,64,1,9.833368173938666,9.174162719372127,4,13,4
K3,65,1,8.588246690473108,9.174162719372127,3,23,3
K3,66,1,9.511901356049869,9.174162719372127,5,27,5
K3,67,1,8.548269506095435,9.174162719372127,3,23,3
K3,68,1,8.963470294799981,9.174162719372127,4,23,4
K3,69,1,9.416294215212128,9.174162719372127,4,21,4
K3,70,1,9.427487342623158,9.174162719372127,4,21,4
K3,71,1,9.211224732930033,9.174162719372127,3,11,3
K3,84,1,8.715861220521788,9.174162719372127,3,21,3
K3,85,1,9.52535280811604,9.174162719372127,3,7,3
K3,86,1,9.27666821337262,9.174162719372127,4,23,4
K3,87,1,9.54870418222456,9.174162719372127,5,18,5
K3,72,1,9.379254978329183,9.174162719372127,4,24,4
K3,73,1,8.659134902600417,9.174162719372127,4,31,4
K3,74,1,8.74613893053521,9.174162719372127,4,30,4
K3,75,1,9.563699927616371,9.174162719372127,5,15,5
K3,80,1,9.26883149512922,9.174162719372127,4,16,4
K3,81,1,8.303390359631857,9.174162719372127,4,23,4
K3,82,1,9.188867191969333,9.174162719372127,4,27,4
K3,83,1,8.426279481057005,9.174162719372127,3,17,3
K3,88,1,8.929046625750214,9.174162719372127,3,24,3
K3,89,1,9.11996083125493,9.174162719372127,4,22,4
K3,90,1,8.931628105411535,9.174162719372127,4,22,4
K3,91,1,9.053503778347542,9.174162719372127,4,26,4
K3,76,1,9.04342090410922,9.174162719372127,5,32,5
K3,77,1,9.140329255743502,9.174162719372127,3,17,3
K3,78,1,8.541700529319284,9.174162719372127,3,13,3
K3,79,1,8.936010252840122,9.174162719372127,4,24,4
K3,92,1,8.883871783882382,9.174162719372127,4,30,4
K3,93,1,8.847216934567914,9.174162719372127,3,25,3
K3,94,1,9.382527166336493,9.174162719372127,5,24,5
K3,95,1,8.714098452008658,9.174162719372127,4,23,4
K3,108,1,8.771956570723374,9.174162719372127,4,30,4
K3,109,1,8.82777812724623,9.174162719372127,3,14,3
K3,110,1,8.285200833286904,9.174162719372127,3,30,3
K3,111,1,9.221503985071283,9.174162719372127,3,18,3
K3,96,1,9.548115479747713,9.174162719372127,4,10,4
K3,97,1,8.774069415706713,9.174162719372127,4,20,4
K3,98,1,9.068850661934732,9.174162719372127,4,24,4
K3,99,1,8.822198997804916,9.174162719372127,5,35,5
K3,100,1,9.456934356770708,9.174162719372127,3,9,3
K3,101,1,8.525842023794159,9.174162719372127,4,29,4
K3,102,1,8.570125792856873,9.174162719372127,3,18,3
K3,103,1,8.835891925251868,9.174162719372127,5,24,5
K3,104,1,9.48601729490407,9.174162719372127,5,29,5
K3,105,1,9.292810060801761,9.174162719372127,3,12,3
K3,106,1,9.25212047664046,9.174162719372127,3,12,3
K3,107,1,9.520220586716842,9.174162719372127,5,10,5
K3,112,1,9.177745572981918,9.174162719372127,4,18,4
K3,113,1,9.389514684908956,9.174162719372127,3,16,3
K3,114,1,8.756803830646028,9.174162719372127,4,26,4
K3,115,1,9.078671468045064,9.174162719372127,4,26,4
K3,116,1,9.400094729011201,9.174162719372127,3,9,3
K3,117,1,9.035827205858201,9.174162719372127,3,17,3
K3,118,1,9.56410794745388,9.174162719372127,4,11,4
K3,119,1,9.971236879992187,9.174162719372127,4,17,4
K3,120,1,8.62195406860821,9.174162719372127,3,20,3
K3,121,1,9.143476607377924,9.174162719372127,4,21,4
K3,122,1,8.857282344672585,9.174162719372127,4,20,4
K3,123,1,10.183233320216322,9.174162719372127,2,10,2
K3,140,1,8.468993184916078,9.174162719372127,3,13,3
K3,141,1,9.725514377001375,9.174162719372127,3,20,3
K3,142,1,9.019023847810244,9.174162719372127,3,16,3
K3,143,1,9.047658561137983,9.174162719372127,4,20,4
K3,144,1,9.07531489702695,9.174162719372127,3,17,3
K3,145,1,8.956104672556929,9.174162719372127,4,30,4
K3,146,1,9.49386286468077,9.174162719372127,4,23,4
K3,147,1,8.830767876365714,9.174162719372127,3,22,3
K3,128,1,9.33014449303005,9.174162719372127,4,14,4
K3,129,1,9.56801837818864,9.174162719372127,4,18,4
K3,130,1,8.86546400900671,9.174162719372127,3,14,3
K3,131,1,9.865017518487825,9.174162719372127,5,21,5
K3,132,1,9.663541766574234,9.174162719372127,4,13,4
K3,133,1,9.113699529610672,9.174162719372127,4,31,4
K3,134,1,8.987195773652179,9.174162719372127,4,33,4
K3,135,1,9.64898746864395,9.174162719372127,4,17,4
K3,124,1,9.05230660477538,9.174162719372127,5,31,5
K3,125,1,8.998936368105275,9.174162719372127,4,26,4
K3,126,1,9.45607300808763,9.174162719372127,3,17,3
K3,127,1,8.751659962199463,9.174162719372127,5,20,5
K3,148,1,8.464625492526398,9.174162719372127,3,11,3
K3,149,1,8.390360840208631,9.174162719372127,4,40,4
K3,150,1,9.51476617360663,9.174162719372127,4,11,4
K3,151,1,9.593449260620323,9.174162719372127,4,16,4
K3,136,1,9.45502511392955,9.174162719372127,4,22,4
K3,137,1,9.544194454920579,9.174162719372127,5,21,5
K3,138,1,9.068985840612871,9.174162719372127,4,21,4
K3,139,1,9.4153879085861,9.174162719372127,4,11,4
K3,152,1,9.674121926660444,9.174162719372127,4,17,4
K3,153,1,9.563025835129569,9.174162719372127,3,12,3
K3,154,1,9.725344710882164,9.174162719372127,5,26,5
K3,155,1,9.71827817703181,9.174162719372127,4,22,4
K3,156,1,9.754485658222317,9.174162719372127,4,24,4
K3,157,1,9.130861865518384,9.174162719372127,4,19,4
K3,158,1,9.532125456442245,9.174162719372127,5,21,5
K3,159,1,9.483638541517657,9.174162719372127,4,14,4
K3,164,1,9.23909709810926,9.174162719372127,4,14,4
K3,165,1,9.23143378325941,9.174162719372127,3,10,3
K3,166,1,8.259336928912573,9.174162719372127,4,26,4
K3,167,1,9.050187071053946,9.174162719372127,4,27,4
K3,168,1,9.578167536027802,9.174162719372127,4,22,4
K3,169,1,9.073333960242019,9.174162719372127,3,13,3
K3,170,1,9.060287977280288,9.174162719372127,4,31,4
K3,171,1,8.694643208325699,9.174162719372127,4,35,4
K3,160,1,9.22149900048025,9.174162719372127,4,20,4
K3,161,1,9.16958117361321,9.174162719372127,5,22,5
K3,162,1,8.8709053937616,9.174162719372127,4,35,4
K3,163,1,9.805697749267672,9.174162719372127,4,17,4
K3,172,1,9.451384927477607,9.174162719372127,4,25,4
K3,173,1,9.296912318106102,9.174162719372127,3,14,3
K3,174,1,8.866302458218003,9.174162719372127,3,11,3
K3,175,1,8.944891973429876,9.174162719372127,3,16,3
K3,176,1,9.154250063339013,9.174162719372127,5,29,5
K3,177,1,9.524242511643275,9.174162719372127,4,26,4
K3,178,1,8.837950042841221,9.174162719372127,4,20,4
K3,179,1,9.303375906344879,9.174162719372127,4,15,4
K3,180,1,8.80220682781009,9.174162719372127,3,17,3
K3,181,1,9.062573762469924,9.174162719372127,5,29,5
K3,182,1,8.962923741116816,9.174162719372127,4,24,4
K3,183,1,9.278929303467752,9.174162719372127,4,24,4
K3,192,1,9.641982566406066,9.174162719372127,4,10,4
K3,193,1,9.760768282056326,9.174162719372127,4,18,4
K3,194,1,9.591202414559618,9.174162719372127,3,10,3
K3,195,1,8.697274375060545,9.174162719372127,3,25,3
K3,188,1,9.441079824404046,9.174162719372127,4,18,4
K3,189,1,9.515498213577043,9.174162719372127,3,14,3
K3,190,1,9.298161069048506,9.174162719372127,4,24,4
K3,191,1,8.885049182578618,9.174162719372127,5,40,5
K3,184,1,8.94456459924911,9.174162719372127,4,24,4
K3,185,1,9.540529841078316,9.174162719372127,5,18,5
K3,186,1,9.413648415357242,9.174162719372127,5,26,5
K3,187,1,9.560198496719421,9.174162719372127,3,21,3
K3,204,1,8.757395430217217,9.174162719372127,3,18,3
K3,205,1,8.899001714216364,9.174162719372127,3,15,3
K3,206,1,9.200349837666643,9.174162719372127,4,21,4
K3,207,1,9.284984541468718,9.174162719372127,3,9,3
K3,196,1,9.289516146744381,9.174162719372127,4,27,4
K3,197,1,9.462508775181808,9.174162719372127,3,18,3
K3,198,1,9.11513348006517,9.174162719372127,5,28,5
K3,199,1,9.726431159113288,9.174162719372127,5,14,5
K3,208,1,9.195739390107512,9.174162719372127,2,12,2
K3,209,1,8.41970030477206,9.174162719372127,3,25,3
K3,210,1,9.174194601568482,9.174162719372127,3,14,3
K3,211,1,10.402704234241074,9.174162719372127,4,9,4
K3,200,1,8.742973822436403,9.174162719372127,4,23,4
K3,201,1,9.245042314230798,9.174162719372127,4,12,4
K3,202,1,9.01666733528608,9.174162719372127,5,30,5
K3,203,1,9.101498163873584,9.174162719372127,4,26,4
K3,212,1,9.853863369263566,9.174162719372127,3,9,3
K3,213,1,9.092545406111402,9.174162719372127,4,21,4
K3,214,1,8.976788854218903,9.174162719372127,4,25,4
K3,215,1,9.226720463072326,9.174162719372127,4,24,4
K3,220,1,8.820223691400024,9.174162719372127,3,21,3
K3,221,1,8.37955458385421,9.174162719372127,3,22,3
K3,222,1,9.751916003153992,9.174162719372127,4,19,4
K3,223,1,8.715093032661574,9.174162719372127,4,28,4
K3,224,1,9.173304215684432,9.174162719372127,4,23,4
K3,225,1,9.088639579317006,9.174162719372127,3,12,3
K3,226,1,9.245414564337116,9.174162719372127,5,23,5
K3,227,1,8.851596478213034,9.174162719372127,4,16,4
K3,216,1,8.984735628555779,9.174162719372127,4,17,4
K3,217,1,8.769869467075502,9.174162719372127,4,21,4
K3,218,1,9.363180923545249,9.174162719372127,5,34,5
K3,219,1,9.315426184841293,9.174162719372127,4,21,4
K3,228,1,8.978155407807243,9.174162719372127,4,22,4
K3,229,1,9.462489097080251,9.174162719372127,5,23,5
K3,230,1,9.334405839781654,9.174162719372127,4,15,4
K3,231,1,9.006326739323445,9.174162719372127,3,8,3
K3,240,1,9.608149443190815,9.174162719372127,3,14,3
K3,241,1,9.137925206142116,9.174162719372127,3,15,3
K3,242,1,9.711576401042601,9.174162719372127,5,26,5
K3,243,1,8.854539087090295,9.174162719372127,3,22,3
K3,236,1,9.437812394858371,9.174162719372127,4,23,4
K3,237,1,9.137742272341718,9.174162719372127,4,24,4
K3,238,1,8.830748032768648,9.174162719372127,4,28,4
K3,239,1,8.199528334000885,9.174162719372127,4,24,4
K3,244,1,8.785869758285616,9.174162719372127,3,21,3
K3,245,1,9.247852289932197,9.174162719372127,4,14,4
K3,246,1,9.17030507593457,9.174162719372127,4,16,4
K3,247,1,9.142892246076187,9.174162719372127,4,16,4
K3,232,1,8.913967048938694,9.174162719372127,5,28,5
K3,233,1,9.579498396359897,9.174162719372127,5,17,5
K3,234,1,9.465734517824286,9.174162719372127,4,15,4
K3,235,1,8.362842180589965,9.174162719372127,4,21,4
K3,248,1,9.20088776295262,9.174162719372127,4,29,4
K3,249,1,9.470948755087122,9.174162719372127,5,20,5
K3,250,1,9.16064836465316,9.174162719372127,5,37,5
K3,251,1,9.132482991871022,9.174162719372127,3,16,3
K3,252,1,8.848754631579705,9.174162719372127,4,23,4
K3,253,1,9.85670602069174,9.174162719372127,4,12,4
K3,254,1,8.676407476564751,9.174162719372127,5,29,5
K3,255,1,8.681532615221727,9.174162719372127,3,17,3
K3,260,1,9.310104569574378,9.174162719372127,4,20,4
K3,261,1,9.569719413817989,9.174162719372127,4,23,4
K3,262,1,8.424332336282138,9.174162719372127,3,16,3
K3,263,1,9.537197613312914,9.174162719372127,3,16,3
K3,256,1,9.075661037895447,9.174162719372127,5,23,5
K3,257,1,8.887824053922651,9.174162719372127,4,21,4
K3,258,1,9.49358475746769,9.174162719372127,4,20,4
K3,259,1,9.618592455651825,9.174162719372127,4,25,4
K3,264,1,10.171366797268409,9.174162719372127,3,5,3
K3,265,1,9.245628992898128,9.174162719372127,3,16,3
K3,266,1,9.090170137866856,9.174162719372127,4,12,4
K3,267,1,9.304579147264388,9.174162719372127,5,32,5
K3,268,1,8.871562589952173,9.174162719372127,3,15,3
K3,269,1,8.804578084186996,9.174162719372127,4,21,4
K3,270,1,10.135786359567843,9.174162719372127,5,28,5
K3,271,1,8.683278090802213,9.174162719372127,3,18,3
K3,272,1,9.13628028919139,9.174162719372127,4,26,4
K3,273,1,8.1982722187935,9.174162719372127,4,22,4
K3,274,1,9.477589636276777,9.174162719372127,4,20,4
K3,275,1,9.039844859867637,9.174162719372127,5,25,5
K3,276,1,9.484826154876238,9.174162719372127,3,22,3
K3,277,1,9.193180926613048,9.174162719372127,3,16,3
K3,278,1,9.178172871057539,9.174162719372127,4,18,4
K3,279,1,8.907017154077888,9.174162719372127,5,40,5
K3,280,1,8.57728369625408,9.174162719372127,3,16,3
K3,281,1,9.146685072780276,9.174162719372127,5,21,5
K3,282,1,9.01393753487989,9.174162719372127,5,15,5
K3,283,1,9.031047137205013,9.174162719372127,4,22,4
K3,284,1,9.43052630055675,9.174162719372127,3,11,3
K3,285,1,8.552611104484873,9.174162719372127,3,26,3
K3,286,1,8.417671259431435,9.174162719372127,4,27,4
K3,287,1,8.761944535924892,9.174162719372127,4,32,4
K3,288,1,8.575491230741747,9.174162719372127,3,18,3
K3,289,1,9.346438016595316,9.174162719372127,4,17,4
K3,290,1,9.189697347613961,9.174162719372127,5,31,5
K3,291,1,9.340119618275532,9.174162719372127,4,14,4
K3,296,1,9.216449051801447,9.174162719372127,3,18,3
K3,297,1,8.76304970118455,9.174162719372127,3,10,3
K3,298,1,9.65705188306464,9.174162719372127,3,14,3
K3,299,1,8.831367797641068,9.174162719372127,5,36,5
K3,300,1,8.851469409625928,9.174162719372127,4,33,4
K3,301,1,9.060711199748816,9.174162719372127,4,25,4
K3,302,1,9.049512783625616,9.174162719372127,4,22,4
K3,303,1,9.985805695937808,9.174162719372127,3,12,3
K3,304,1,8.773850897956798,9.174162719372127,4,22,4
K3,305,1,8.9738053605629,9.174162719372127,4,24,4
K3,306,1,9.040575550555955,9.174162719372127,4,18,4
K3,307,1,8.760117392530255,9.174162719372127,4,15,4
K3,292,1,8.551546019559531,9.174162719372127,3,31,3
K3,293,1,9.51686518234715,9.174162719372127,5,14,5
K3,294,1,9.777820028451414,9.174162719372127,4,12,4
K3,295,1,9.440414073354315,9.174162719372127,5,23,5
K3,312,1,8.7464708462142,9.174162719372127,4,22,4
K3,313,1,9.12466467266386,9.174162719372127,3,20,3
K3,314,1,9.54639428287365,9.174162719372127,4,15,4
K3,315,1,8.931332438933875,9.174162719372127,4,14,4
K3,308,1,9.122641177293904,9.174162719372127,4,23,4
K3,309,1,10.293875872665708,9.174162719372127,4,13,4
K3,310,1,9.381916431095876,9.174162719372127,4,24,4
K3,311,1,10.428289384479363,9.174162719372127,3,3,3
K3,320,1,8.738505065265706,9.174162719372127,4,35,4
K3,321,1,8.310597192318985,9.174162719372127,2,11,2
K3,322,1,9.024687224738422,9.174162719372127,3,15,3
K3,323,1,9.878520216938233,9.174162719372127,5,17,5
K3,316,1,9.302401108856946,9.174162719372127,4,23,4
K3,317,1,8.957097486465791,9.174162719372127,5,23,5
K3,318,1,9.603789517575867,9.174162719372127,4,21,4
K3,319,1,9.161190029077163,9.174162719372127,4,21,4
K3,324,1,8.908546756995968,9.174162719372127,4,30,4
K3,325,1,9.364124395266659,9.174162719372127,4,16,4
K3,326,1,9.772323656076992,9.174162719372127,3,11,3
K3,327,1,8.970446171941656,9.174162719372127,5,25,5
K3,332,1,8.387921922884964,9.174162719372127,4,27,4
K3,333,1,9.437176792413599,9.174162719372127,4,17,4
K3,334,1,9.571211910644983,9.174162719372127,3,9,3
K3,335,1,9.084061384519314,9.174162719372127,3,14,3
K3,336,1,8.876752271863067,9.174162719372127,3,25,3
K3,337,1,9.375667096708124,9.174162719372127,3,17,3
K3,338,1,9.277416660467013,9.174162719372127,5,43,5
K3,339,1,9.849741207923135,9.174162719372127,4,18,4
K3,340,1,9.587584133919385,9.174162719372127,4,14,4
K3,341,1,9.39654743939066,9.174162719372127,4,29,4
K3,342,1,8.97984735154465,9.174162719372127,4,23,4
K3,343,1,9.539357400060931,9.174162719372127,4,17,4
K3,328,1,8.944790958845326,9.174162719372127,3,16,3
K3,329,1,8.374926503093551,9.174162719372127,4,18,4
K3,330,1,9.820258169912933,9.174162719372127,4,12,4
K3,331,1,9.553333876425382,9.174162719372127,5,33,5
K3,344,1,8.844666732891636,9.174162719372127,3,14,3
K3,345,1,9.512641563058406,9.174162719372127,5,26,5
K3,346,1,9.479255787485933,9.174162719372127,4,13,4
K3,347,1,9.460344335952287,9.174162719372127,4,17,4
K3,348,1,9.70443657730605,9.174162719372127,4,12,4
K3,349,1,9.35258769014829,9.174162719372127,5,23,5
K3,350,1,8.659475810529907,9.174162719372127,4,31,4
K3,351,1,8.681158560318638,9.174162719372127,4,35,4
K3,352,1,8.469122098043176,9.174162719372127,4,28,4
K3,353,1,9.720932740223397,9.174162719372127,3,14,3
K3,354,1,9.023260235553293,9.174162719372127,4,31,4
K3,355,1,8.901134381887402,9.174162719372127,4,29,4
K3,356,1,8.856023932330038,9.174162719372127,4,43,4
K3,357,1,9.386314241060937,9.174162719372127,4,24,4
K3,358,1,9.252498881472714,9.174162719372127,4,26,4
K3,359,1,8.877898363484253,9.174162719372127,4,23,4
K3,368,1,7.755216838928701,9.174162719372127,2,16,2
K3,369,1,9.058254226635125,9.174162719372127,5,25,5
K3,370,1,9.068135705044552,9.174162719372127,4,22,4
K3,371,1,9.110028371381032,9.174162719372127,4,19,4
K3,360,1,9.256955366888153,9.174162719372127,3,15,3
K3,361,1,9.221910193535395,9.174162719372127,5,26,5
K3,362,1,8.897860302823318,9.174162719372127,5,18,5
K3,363,1,9.032329067801864,9.174162719372127,4,17,4
K3,364,1,9.892098937482482,9.174162719372127,5,12,5
K3,365,1,8.666222636478695,9.174162719372127,3,16,3
K3,366,1,9.356243177799218,9.174162719372127,4,21,4
K3,367,1,9.024528951837711,9.174162719372127,4,29,4
K3,376,1,8.682817254009999,9.174162719372127,3,19,3
K3,377,1,8.748105923577219,9.174162719372127,5,37,5
K3,378,1,9.092744985671454,9.174162719372127,3,16,3
K3,379,1,9.813721453773047,9.174162719372127,4,15,4
K3,372,1,9.95404596828367,9.174162719372127,4,12,4
K3,373,1,9.126284916103833,9.174162719372127,4,28,4
K3,374,1,8.551823745236684,9.174162719372127,4,29,4
K3,375,1,9.500565185739516,9.174162719372127,4,17,4
K3,380,1,9.04798694579049,9.174162719372127,4,25,4
K3,381,1,8.937434053540812,9.174162719372127,4,19,4
K3,382,1,9.309094616481314,9.174162719372127,4,16,4
K3,383,1,8.867252437729977,9.174162719372127,3,21,3
K3,388,1,9.267792086059456,9.174162719372127,4,23,4
K3,389,1,9.126832144607569,9.174162719372127,3,13,3
K3,390,1,9.350247674754852,9.174162719372127,5,31,5
K3,391,1,9.086426221144878,9.174162719372127,4,31,4
K3,384,1,9.70481170142995,9.174162719372127,4,19,4
K3,385,1,8.780059273943175,9.174162719372127,4,19,4
K3,386,1,8.73238884237569,9.174162719372127,4,14,4
K3,387,1,9.64143935234695,9.174162719372127,5,15,5
K3,396,1,8.717852174888192,9.174162719372127,4,31,4
K3,397,1,8.55479042338903,9.174162719372127,3,21,3
K3,398,1,8.99643177005481,9.174162719372127,4,22,4
K3,399,1,9.129206731375861,9.174162719372127,4,21,4
K3,392,1,9.35885261080185,9.174162719372127,3,17,3
K3,393,1,9.162803357661616,9.174162719372127,4,21,4
K3,394,1,9.024058523345657,9.174162719372127,4,16,4
K3,395,1,8.55158045894812,9.174162719372127,3,25,3
K3,408,1,9.216735287866763,9.174162719372127,3,22,3
K3,409,1,9.57902421470531,9.174162719372127,4,13,4
K3,410,1,8.715338595782901,9.174162719372127,3,20,3
K3,411,1,9.433461806064795,9.174162719372127,5,24,5
K3,400,1,9.033365795137556,9.174162719372127,4,22,4
K3,401,1,9.113504088914633,9.174162719372127,4,23,4
K3,402,1,9.700848140763291,9.174162719372127,4,24,4
K3,403,1,9.772175803760375,9.174162719372127,4,14,4
K3,404,1,9.9919687015022,9.174162719372127,5,15,5
K3,405,1,9.624553970817182,9.174162719372127,3,9,3
K3,406,1,9.37478668265609,9.174162719372127,4,20,4
K3,407,1,9.819094442347568,9.174162719372127,4,22,4
K3,416,1,8.615961008594699,9.174162719372127,3,20,3
K3,417,1,9.270093674944386,9.174162719372127,4,14,4
K3,418,1,9.548718715730105,9.174162719372127,5,35,5
K3,419,1,9.057476550516963,9.174162719372127,3,13,3
K3,412,1,9.035240665802883,9.174162719372127,3,23,3
K3,413,1,9.463514887028118,9.174162719372127,4,20,4
K3,414,1,9.199757521079304,9.174162719372127,5,29,5
K3,415,1,9.415372854260292,9.174162719372127,4,21,4
K3,428,1,9.644020457272477,9.174162719372127,4,21,4
K3,429,1,9.062035571862957,9.174162719372127,2,13,2
K3,430,1,8.234459420389951,9.174162719372127,3,17,3
K3,431,1,9.60142167971639,9.174162719372127,4,16,4
K3,424,1,9.042609925492917,9.174162719372127,5,21,5
K3,425,1,8.667191141022306,9.174162719372127,4,18,4
K3,426,1,8.668159297050634,9.174162719372127,4,25,4
K3,427,1,9.556681788093206,9.174162719372127,3,11,3
K3,420,1,9.474615903149418,9.174162719372127,3,13,3
K3,421,1,9.612886010986188,9.174162719372127,5,22,5
K3,422,1,9.39713590136438,9.174162719372127,4,14,4
K3,423,1,9.015741948943855,9.174162719372127,3,11,3
K3,432,1,9.7194231396103,9.174162719372127,4,24,4
K3,433,1,10.433459693535092,9.174162719372127,3,12,3
K3,434,1,8.3079525604914,9.174162719372127,4,18,4
K3,435,1,8.914905427299724,9.174162719372127,3,20,3
K3,436,1,9.52561598366388,9.174162719372127,4,20,4
K3,437,1,9.277668864783822,9.174162719372127,4,23,4
K3,438,1,8.952321446976061,9.174162719372127,3,21,3
K3,439,1,9.249558949733174,9.174162719372127,5,22,5
K3,452,1,9.54845956216146,9.174162719372127,5,28,5
K3,453,1,9.84400245508708,9.174162719372127,3,14,3
K3,454,1,9.253792086273602,9.174162719372127,4,21,4
K3,455,1,8.793229921713419,9.174162719372127,4,29,4
K3,440,1,8.957172579281565,9.174162719372127,4,31,4
K3,441,1,8.688003511717309,9.174162719372127,3,13,3
K3,442,1,9.015342737679676,9.174162719372127,4,14,4
K3,443,1,9.018081906297608,9.174162719372127,4,16,4
K3,448,1,9.519044098987015,9.174162719372127,4,24,4
K3,449,1,9.234649544211047,9.174162719372127,4,17,4
K3,450,1,9.488173870092055,9.174162719372127,3,10,3
K3,451,1,9.19566139907255,9.174162719372127,4,25,4
K3,444,1,9.226929334649734,9.174162719372127,4,13,4
K3,445,1,9.743898061365673,9.174162719372127,5,27,5
K3,446,1,9.451185867135099,9.174162719372127,3,15,3
K3,447,1,8.852076805663819,9.174162719372127,4,23,4
K3,456,1,9.101391825413598,9.174162719372127,5,25,5
K3,457,1,9.604338182213937,9.174162719372127,3,13,3
K3,458,1,9.087852861816256,9.174162719372127,3,10,3
K3,459,1,9.51795136911061,9.174162719372127,5,26,5
K3,464,1,9.859525936587254,9.174162719372127,5,19,5
K3,465,1,9.676087304048739,9.174162719372127,4,19,4
K3,466,1,8.798950601548787,9.174162719372127,3,27,3
K3,467,1,10.39681203154752,9.174162719372127,3,9,3
K3,460,1,9.654375565486662,9.174162719372127,5,17,5
K3,461,1,9.180429115873313,9.174162719372127,4,18,4
K3,462,1,9.900178690604205,9.174162719372127,3,7,3
K3,463,1,8.8233532589687,9.174162719372127,5,19,5
K3,472,1,8.757358351827152,9.174162719372127,4,20,4
K3,473,1,9.270297925737902,9.174162719372127,4,15,4
K3,474,1,8.790927302056188,9.174162719372127,4,28,4
K3,475,1,8.866297684091982,9.174162719372127,3,19,3
K3,468,1,9.186022348441043,9.174162719372127,5,41,5
K3,469,1,9.238422310813043,9.174162719372127,3,13,3
K3,470,1,9.922594369629032,9.174162719372127,4,20,4
K3,471,1,8.687909302528803,9.174162719372127,3,14,3
K3,480,1,9.099292992793577,9.174162719372127,3,20,3
K3,481,1,8.429442268790769,9.174162719372127,3,25,3
K3,482,1,10.09985143499996,9.174162719372127,3,7,3
K3,483,1,8.95710434933381,9.174162719372127,3,18,3
K3,484,1,8.861154360605747,9.174162719372127,4,26,4
K3,485,1,10.125139407688383,9.174162719372127,4,14,4
K3,486,1,8.8010418326847,9.174162719372127,4,24,4
K3,487,1,9.032263441029828,9.174162719372127,4,18,4
K3,488,1,8.831368779598575,9.174162719372127,4,19,4
K3,489,1,8.633845432588783,9.174162719372127,3,22,3
K3,490,1,8.872513969339831,9.174162719372127,4,27,4
K3,491,1,9.29265493232352,9.174162719372127,5,29,5
K3,476,1,9.639075820454169,9.174162719372127,5,30,5
K3,477,1,9.67497046186828,9.174162719372127,4,9,4
K3,478,1,9.458243549495931,9.174162719372127,4,19,4
K3,479,1,9.37995943746886,9.174162719372127,4,21,4
K3,492,1,8.82947312899051,9.174162719372127,5,28,5
K3,493,1,9.227347460462331,9.174162719372127,3,15,3
K3,494,1,8.889059808434022,9.174162719372127,4,36,4
K3,495,1,9.023764146555326,9.174162719372127,4,19,4
K3,496,1,9.326621459317703,9.174162719372127,4,19,4
K3,497,1,9.302987297543293,9.174162719372127,4,18,4
K3,498,1,9.756372139640908,9.174162719372127,3,17,3
K3,499,1,9.314182783148702,9.174162719372127,4,25,4
