design,rep,ok,log_xi,log_xi_true
full,8,1,8.370505833477027,8.191627983148463
full,9,1,8.375394018012072,8.191627983148463
full,10,1,8.344127515303448,8.191627983148463
full,11,1,8.315057203351929,8.191627983148463
full,16,1,8.351957745211278,8.191627983148463
full,17,1,8.26535521927019,8.191627983148463
full,18,1,8.246182803952305,8.191627983148463
full,19,1,8.237651038476994,8.191627983148463
full,20,1,8.41164969507436,8.191627983148463
full,21,1,8.34719642207666,8.191627983148463
full,22,1,8.308377794501732,8.191627983148463
full,23,1,8.342771561536127,8.191627983148463
full,4,1,8.289566306139893,8.191627983148463
full,5,1,8.301178502194333,8.191627983148463
full,6,1,8.150595769958947,8.191627983148463
full,7,1,8.32850288769245,8.191627983148463
full,0,1,8.119531575179154,8.191627983148463
full,1,1,8.24100178144989,8.191627983148463
full,2,1,8.10624245846904,8.191627983148463
full,3,1,8.402486243674646,8.191627983148463
full,12,1,8.355929055222623,8.191627983148463
full,13,1,8.356370883079506,8.191627983148463
full,14,1,8.267584777204842,8.191627983148463
full,15,1,8.295041927118712,8.191627983148463
full,36,1,8.341596649719097,8.191627983148463
full,37,1,8.384883451939931,8.191627983148463
full,38,1,8.284583057505342,8.191627983148463
full,39,1,8.323527986778467,8.191627983148463
full,28,1,8.38347095918302,8.191627983148463
full,29,1,8.332005556787244,8.191627983148463
full,30,1,8.323987300534498,8.191627983148463
full,31,1,8.308246757450359,8.191627983148463
full,24,1,8.30375503764088,8.191627983148463
full,25,1,8.298914848821473,8.191627983148463
full,26,1,8.157746727682987,8.191627983148463
full,27,1,8.375723315356662,8.191627983148463
full,40,1,8.371146001630237,8.191627983148463
full,41,1,8.37444291207873,8.191627983148463
full,42,1,8.285812210765714,8.191627983148463
full,43,1,8.375817908525278,8.191627983148463
full,32,1,8.259601187339271,8.191627983148463
full,33,1,8.266207373235153,8.191627983148463
full,34,1,8.448494479287657,8.191627983148463
full,35,1,8.364032842660775,8.191627983148463
full,48,1,8.3061246266115,8.191627983148463
full,49,1,8.163946010418691,8.191627983148463
full,50,1,8.171730615706677,8.191627983148463
full,51,1,8.38908598328897,8.191627983148463
full,44,1,8.444298390073206,8.191627983148463
full,45,1,8.327948934573866,8.191627983148463
full,46,1,8.164584817341652,8.191627983148463
full,47,1,8.420113522598985,8.191627983148463
full,52,1,8.547871459496271,8.191627983148463
full,53,1,8.479525906685886,8.191627983148463
full,54,1,8.438687559831251,8.191627983148463
full,55,1,8.308005794786213,8.191627983148463
full,60,1,8.22929977998029,8.191627983148463
full,61,1,8.342252960824933,8.191627983148463
full,62,1,8.287625458394587,8.191627983148463
full,63,1,8.37568245999805,8.191627983148463
full,68,1,8.305288843340623,8.191627983148463
full,69,1,8.348853837301478,8.191627983148463
full,70,1,8.358084285659132,8.191627983148463
full,71,1,8.205253794142894,8.191627983148463
full,76,1,8.305234635181549,8.191627983148463
full,77,1,8.31742077826309,8.191627983148463
full,78,1,8.385385844932225,8.191627983148463
full,79,1,8.389445351223966,8.191627983148463
full,56,1,8.33598105686954,8.191627983148463
full,57,1,8.216522401093409,8.191627983148463
full,58,1,8.225727258980656,8.191627983148463
full,59,1,8.392293651975814,8.191627983148463
full,64,1,8.16835975431018,8.191627983148463
full,65,1,8.365011681808458,8.191627983148463
full,66,1,8.267940543029942,8.191627983148463
full,67,1,8.269923486313099,8.191627983148463
full,72,1,8.452232116564097,8.191627983148463
full,73,1,8.348362423714802,8.191627983148463
full,74,1,8.379604116337125,8.191627983148463
full,75,1,8.326988198567584,8.191627983148463
full,80,1,8.331109692802457,8.191627983148463
full,81,1,8.411865920681333,8.191627983148463
full,82,1,8.28297115414459,8.191627983148463
full,83,1,8.358511715881031,8.191627983148463
full,84,1,8.271994669385665,8.191627983148463
full,85,1,8.278521620608837,8.191627983148463
full,86,1,8.374193461261738,8.191627983148463
full,87,1,8.221028008692068,8.191627983148463
full,92,1,8.198390011590499,8.191627983148463
full,93,1,8.32936176712558,8.191627983148463
full,94,1,8.37817973229382,8.191627983148463
full,95,1,8.221016019808792,8.191627983148463
full,104,1,8.460517694588727,8.191627983148463
full,105,1,8.319304319546356,8.191627983148463
full,106,1,8.34126499280832,8.191627983148463
full,107,1,8.384916364434387,8.191627983148463
full,88,1,8.376367477368236,8.191627983148463
full,89,1,8.382120115243525,8.191627983148463
full,90,1,8.352491344820862,8.191627983148463
full,91,1,8.299835888616606,8.191627983148463
full,96,1,8.413484138867025,8.191627983148463
full,97,1,8.428679806102824,8.191627983148463
full,98,1,8.318533725124686,8.191627983148463
full,99,1,8.339945091414089,8.191627983148463
full,100,1,8.355216562255825,8.191627983148463
full,101,1,8.382241383520988,8.191627983148463
full,102,1,8.455305813109735,8.191627983148463
full,103,1,8.461594827178338,8.191627983148463
full,108,1,8.414534642995655,8.191627983148463
full,109,1,8.24853120054872,8.191627983148463
full,110,1,8.431750629993934,8.191627983148463
full,111,1,8.30057079505004,8.191627983148463
full,112,1,8.25578690409055,8.191627983148463
full,113,1,8.418665282819987,8.191627983148463
full,114,1,8.420615840320057,8.191627983148463
full,115,1,8.388824647137646,8.191627983148463
full,128,1,8.28488627361747,8.191627983148463
full,129,1,8.355479003372295,8.191627983148463
full,130,1,8.264206125072802,8.191627983148463
full,131,1,8.28646621602534,8.191627983148463
full,120,1,8.38975617620712,8.191627983148463
full,121,1,8.392225110337716,8.191627983148463
full,122,1,8.477067982223934,8.191627983148463
full,123,1,8.525413271373603,8.191627983148463
full,116,1,8.466461366898223,8.191627983148463
full,117,1,8.37463664758581,8.191627983148463
full,118,1,8.206799580295618,8.191627983148463
full,119,1,8.25689624995222,8.191627983148463
full,124,1,8.2449715052054,8.191627983148463
full,125,1,8.41592094639477,8.191627983148463
full,126,1,8.315679950438488,8.191627983148463
full,127,1,8.423743545725262,8.191627983148463
full,140,1,8.418623810873232,8.191627983148463
full,141,1,8.407564179131883,8.191627983148463
full,142,1,8.370700746829852,8.191627983148463
full,143,1,8.362909213905953,8.191627983148463
full,136,1,8.325267488148818,8.191627983148463
full,137,1,8.323422818105271,8.191627983148463
full,138,1,8.252992305338847,8.191627983148463
full,139,1,8.342980032549717,8.191627983148463
full,132,1,8.37337655792893,8.191627983148463
full,133,1,8.33408744964685,8.191627983148463
full,134,1,8.44893753226243,8.191627983148463
full,135,1,8.304093802199338,8.191627983148463
full,144,1,8.359756340188033,8.191627983148463
full,145,1,8.161001855354538,8.191627983148463
full,146,1,8.339109179549473,8.191627983148463
full,147,1,8.312672646928283,8.191627983148463
full,148,1,8.321366483331788,8.191627983148463
full,149,1,8.354914164958986,8.191627983148463
full,150,1,8.339182673795872,8.191627983148463
full,151,1,8.3674559195449,8.191627983148463
full,152,1,8.260249330319228,8.191627983148463
full,153,1,8.446747697189362,8.191627983148463
full,154,1,8.320951381208982,8.191627983148463
full,155,1,8.19729462311537,8.191627983148463
full,160,1,8.344623193752577,8.191627983148463
full,161,1,8.332817029352078,8.191627983148463
full,162,1,8.303781633834351,8.191627983148463
full,163,1,8.375744094487013,8.191627983148463
full,156,1,8.390003991553542,8.191627983148463
full,157,1,8.34171272351636,8.191627983148463
full,158,1,8.346750515438238,8.191627983148463
full,159,1,8.26342271414321,8.191627983148463
full,168,1,8.262960690217083,8.191627983148463
full,169,1,8.355919644787226,8.191627983148463
full,170,1,8.2821283667552,8.191627983148463
full,171,1,8.296157137813138,8.191627983148463
full,180,1,8.362493863777775,8.191627983148463
full,181,1,8.4371740624952,8.191627983148463
full,182,1,8.32051952617571,8.191627983148463
full,183,1,8.352783690265303,8.191627983148463
full,164,1,8.444417271969458,8.191627983148463
full,165,1,8.333537118008879,8.191627983148463
full,166,1,8.407256179674766,8.191627983148463
full,167,1,8.280996711830984,8.191627983148463
full,172,1,8.436509154826966,8.191627983148463
full,173,1,8.293594965001477,8.191627983148463
full,174,1,8.201125924558882,8.191627983148463
full,175,1,8.395494614431424,8.191627983148463
full,176,1,8.335334113235524,8.191627983148463
full,177,1,8.37473054727598,8.191627983148463
full,178,1,8.42284426239854,8.191627983148463
full,179,1,8.357679186258387,8.191627983148463
full,184,1,8.323380442153205,8.191627983148463
full,185,1,8.304384130240267,8.191627983148463
full,186,1,8.20635219253635,8.191627983148463
full,187,1,8.43246463157945,8.191627983148463
full,196,1,8.273556927030832,8.191627983148463
full,197,1,8.338476881631232,8.191627983148463
full,198,1,8.285866963125114,8.191627983148463
full,199,1,8.362524073506126,8.191627983148463
full,192,1,8.367988658938991,8.191627983148463
full,193,1,8.28320295053414,8.191627983148463
full,194,1,8.321470669159716,8.191627983148463
full,195,1,8.31953876415623,8.191627983148463
full,188,1,8.301320825209075,8.191627983148463
full,189,1,8.304695181473297,8.191627983148463
full,190,1,8.209382632837777,8.191627983148463
full,191,1,8.219854009303617,8.191627983148463
full,208,1,8.236510036345011,8.191627983148463
full,209,1,8.383690302362274,8.191627983148463
full,210,1,8.230219237239574,8.191627983148463
full,211,1,8.224919114589598,8.191627983148463
full,204,1,8.238547952895678,8.191627983148463
full,205,1,8.271891634485895,8.191627983148463
full,206,1,8.275623188763676,8.191627983148463
full,207,1,8.265787772421563,8.191627983148463
full,200,1,8.247885712464019,8.191627983148463
full,201,1,8.436246845999005,8.191627983148463
full,202,1,8.267461443708026,8.191627983148463
full,203,1,8.389327965221248,8.191627983148463
full,212,1,8.296632857892961,8.191627983148463
full,213,1,8.275852663732126,8.191627983148463
full,214,1,8.457991907800576,8.191627983148463
full,215,1,8.343505887468536,8.191627983148463
full,216,1,8.424297212345595,8.191627983148463
full,217,1,8.174874857285792,8.191627983148463
full,218,1,8.251447150612583,8.191627983148463
full,219,1,8.430949348120395,8.191627983148463
full,220,1,8.354116171467824,8.191627983148463
full,221,1,8.252512439824898,8.191627983148463
full,222,1,8.330894372664165,8.191627983148463
full,223,1,8.378789231560045,8.191627983148463
full,236,1,8.342194095665798,8.191627983148463
full,237,1,8.359228887047589,8.191627983148463
full,238,1,8.2923286326251,8.191627983148463
full,239,1,8.28078567478411,8.191627983148463
full,228,1,8.267233730544339,8.191627983148463
full,229,1,8.333975896943304,8.191627983148463
full,230,1,8.345192537255837,8.191627983148463
full,231,1,8.337422959139229,8.191627983148463
full,232,1,8.18455228293318,8.191627983148463
full,233,1,8.35864484574243,8.191627983148463
full,234,1,8.261366384948337,8.191627983148463
full,235,1,8.442223369959489,8.191627983148463
full,224,1,8.435851371678474,8.191627983148463
full,225,1,8.113094119774905,8.191627983148463
full,226,1,8.441094088774358,8.191627983148463
full,227,1,8.227181255098305,8.191627983148463
full,240,1,8.240084128878353,8.191627983148463
full,241,1,8.214687699004333,8.191627983148463
full,242,1,8.353631168089088,8.191627983148463
full,243,1,8.277889534682743,8.191627983148463
full,244,1,8.423947901692163,8.191627983148463
full,245,1,8.18089870415981,8.191627983148463
full,246,1,8.292279206539742,8.191627983148463
full,247,1,8.177582083293668,8.191627983148463
full,252,1,8.432178201868016,8.191627983148463
full,253,1,8.491643071348163,8.191627983148463
full,254,1,8.209405616322101,8.191627983148463
full,255,1,8.343020593301416,8.191627983148463
full,248,1,8.349313616900366,8.191627983148463
full,249,1,8.033597455960551,8.191627983148463
full,250,1,8.337505383897197,8.191627983148463
full,251,1,8.265215044181558,8.191627983148463
full,256,1,8.335568210658481,8.191627983148463
full,257,1,8.302068526367693,8.191627983148463
full,258,1,8.154801703800846,8.191627983148463
full,259,1,8.35105515526746,8.191627983148463
full,264,1,8.228260112625819,8.191627983148463
full,265,1,8.351457888427205,8.191627983148463
full,266,1,8.293534319635326,8.191627983148463
full,267,1,8.411438987486752,8.191627983148463
full,260,1,8.329490183672672,8.191627983148463
full,261,1,8.224104904084367,8.191627983148463
full,262,1,8.283220688281103,8.191627983148463
full,263,1,8.392563461526645,8.191627983148463
full,276,1,8.347821437975563,8.191627983148463
full,277,1,8.375535900547145,8.191627983148463
full,278,1,8.302605352314094,8.191627983148463
full,279,1,8.438187986524799,8.191627983148463
full,272,1,8.257847318681337,8.191627983148463
full,273,1,8.287417668449796,8.191627983148463
full,274,1,8.28815206942924,8.191627983148463
full,275,1,8.344920632744838,8.191627983148463
full,268,1,8.21827661462272,8.191627983148463
full,269,1,8.501288786927635,8.191627983148463
full,270,1,8.287726675265805,8.191627983148463
full,271,1,8.343519908907345,8.191627983148463
full,288,1,8.464450560580959,8.191627983148463
full,289,1,8.369938340290103,8.191627983148463
full,290,1,8.134797356637488,8.191627983148463
full,291,1,8.343064639181382,8.191627983148463
full,280,1,8.302403762698601,8.191627983148463
full,281,1,8.279231920521806,8.191627983148463
full,282,1,8.356891722674929,8.191627983148463
full,283,1,8.352345361061577,8.191627983148463
full,292,1,8.261537630575468,8.191627983148463
full,293,1,8.267097976256547,8.191627983148463
full,294,1,8.382194562341871,8.191627983148463
full,295,1,8.332102838216061,8.191627983148463
full,300,1,8.255498536147552,8.191627983148463
full,301,1,8.088576962810823,8.191627983148463
full,302,1,8.410966246208904,8.191627983148463
full,303,1,8.243067759432586,8.191627983148463
full,296,1,8.456965972792934,8.191627983148463
full,297,1,8.378142637599316,8.191627983148463
full,298,1,8.293996354573604,8.191627983148463
full,299,1,8.432651362809878,8.191627983148463
full,304,1,8.181927949712527,8.191627983148463
full,305,1,8.368310066547593,8.191627983148463
full,306,1,8.211317258189919,8.191627983148463
full,307,1,8.239446182195326,8.191627983148463
full,284,1,8.295338506651657,8.191627983148463
full,285,1,8.454203468225163,8.191627983148463
full,286,1,8.459096236836327,8.191627983148463
full,287,1,8.340586138699992,8.191627983148463
full,312,1,8.387311025749256,8.191627983148463
full,313,1,8.25897111565397,8.191627983148463
full,314,1,8.23081726112379,8.191627983148463
full,315,1,8.351781047439276,8.191627983148463
full,308,1,8.240081762224687,8.191627983148463
full,309,1,8.387479409367758,8.191627983148463
full,310,1,8.299839762442803,8.191627983148463
full,311,1,8.345563835060764,8.191627983148463
full,320,1,8.26729280713386,8.191627983148463
full,321,1,8.5449343466516,8.191627983148463
full,322,1,8.376572996431344,8.191627983148463
full,323,1,8.271030622979906,8.191627983148463
full,316,1,8.324675707974357,8.191627983148463
full,317,1,8.29420647689836,8.191627983148463
full,318,1,8.295932735545522,8.191627983148463
full,319,1,8.40767020026358,8.191627983148463
full,328,1,8.19917169899903,8.191627983148463
full,329,1,8.40779404635137,8.191627983148463
full,330,1,8.233422796256308,8.191627983148463
full,331,1,8.310885075780403,8.191627983148463
full,324,1,8.382018236697665,8.191627983148463
full,325,1,8.263756339566667,8.191627983148463
full,326,1,8.32263003094743,8.191627983148463
full,327,1,8.395834899190053,8.191627983148463
full,332,1,8.275395563120119,8.191627983148463
full,333,1,8.246021311374074,8.191627983148463
full,334,1,8.280184710811232,8.191627983148463
full,335,1,8.235735756262818,8.191627983148463
full,340,1,8.2817966788391,8.191627983148463
full,341,1,8.277099529591052,8.191627983148463
full,342,1,8.242980047548052,8.191627983148463
full,343,1,8.36968717475423,8.191627983148463
full,348,1,8.308644608674797,8.191627983148463
full,349,1,8.307965815531965,8.191627983148463
full,350,1,8.304037742912737,8.191627983148463
full,351,1,8.337364293538988,8.191627983148463
full,336,1,8.370140746014087,8.191627983148463
full,337,1,8.241368156033904,8.191627983148463
full,338,1,8.203145708356804,8.191627983148463
full,339,1,8.253537647673477,8.191627983148463
full,352,1,8.414012724211668,8.191627983148463
full,353,1,8.321993231681658,8.191627983148463
full,354,1,8.446227223537354,8.191627983148463
full,355,1,8.334171806773892,8.191627983148463
full,344,1,8.458119511545341,8.191627983148463
full,345,1,8.346884813815564,8.191627983148463
full,346,1,8.193493445786912,8.191627983148463
full,347,1,8.333188368788267,8.191627983148463
full,364,1,8.43462946946938,8.191627983148463
full,365,1,8.199029526772122,8.191627983148463
full,366,1,8.306547379884591,8.191627983148463
full,367,1,8.384170461622128,8.191627983148463
full,360,1,8.18903483423099,8.191627983148463
full,361,1,8.245935252830627,8.191627983148463
full,362,1,8.410764946430318,8.191627983148463
full,363,1,8.332071198117342,8.191627983148463
full,372,1,8.31419301515497,8.191627983148463
full,373,1,8.142059942452413,8.191627983148463
full,374,1,8.229761161431208,8.191627983148463
full,375,1,8.221970894996145,8.191627983148463
full,356,1,8.305739538647718,8.191627983148463
full,357,1,8.35901237524022,8.191627983148463
full,358,1,8.447439206032765,8.191627983148463
full,359,1,8.32797803255313,8.191627983148463
full,368,1,8.314725626740616,8.191627983148463
full,369,1,8.441518687149992,8.191627983148463
full,370,1,8.158588895809661,8.191627983148463
full,371,1,8.35038386500629,8.191627983148463
full,376,1,8.41564466422549,8.191627983148463
full,377,1,8.350034908759215,8.191627983148463
full,378,1,8.281344114759634,8.191627983148463
full,379,1,8.336054778564584,8.191627983148463
full,380,1,8.344858689928063,8.191627983148463
full,381,1,8.508160952706714,8.191627983148463
full,382,1,8.326897388219141,8.191627983148463
full,383,1,8.345517993748988,8.191627983148463
full,384,1,8.549689998819163,8.191627983148463
full,385,1,8.382301604787113,8.191627983148463
full,386,1,8.204762918478366,8.191627983148463
full,387,1,8.366689653926864,8.191627983148463
full,400,1,8.29242330517494,8.191627983148463
full,401,1,8.341519737774492,8.191627983148463
full,402,1,8.355056425908398,8.191627983148463
full,403,1,8.405937152810727,8.191627983148463
full,392,1,8.159189188130984,8.191627983148463
full,393,1,8.279861882378649,8.191627983148463
full,394,1,8.19084829329987,8.191627983148463
full,395,1,8.332506528648018,8.191627983148463
full,388,1,8.262072985353289,8.191627983148463
full,389,1,8.303268118519991,8.191627983148463
full,390,1,8.484204292920941,8.191627983148463
full,391,1,8.391883441109071,8.191627983148463
full,408,1,8.452280740066547,8.191627983148463
full,409,1,8.307675099516223,8.191627983148463
full,410,1,8.463078652873099,8.191627983148463
full,411,1,8.29281649350121,8.191627983148463
full,396,1,8.256433084441893,8.191627983148463
full,397,1,8.41112933638064,8.191627983148463
full,398,1,8.167097228812398,8.191627983148463
full,399,1,8.374535922669711,8.191627983148463
full,412,1,8.270205671803085,8.191627983148463
full,413,1,8.274703162265977,8.191627983148463
full,414,1,8.42149764398114,8.191627983148463
full,415,1,8.377280096065924,8.191627983148463
full,404,1,8.488291193621556,8.191627983148463
full,405,1,8.378757451707141,8.191627983148463
full,406,1,8.273602026702232,8.191627983148463
full,407,1,8.298511762625532,8.191627983148463
full,416,1,8.325811435287358,8.191627983148463
full,417,1,8.323296497463238,8.191627983148463
full,418,1,8.234626237078613,8.191627983148463
full,419,1,8.200222364670747,8.191627983148463
full,420,1,8.33939019111819,8.191627983148463
full,421,1,8.313753439514683,8.191627983148463
full,422,1,8.415389462627447,8.191627983148463
full,423,1,8.22557710348064,8.191627983148463
full,432,1,8.407931443850845,8.191627983148463
full,433,1,8.31609076816397,8.191627983148463
full,434,1,8.342631150021404,8.191627983148463
full,435,1,8.262487195243882,8.191627983148463
full,428,1,8.309729241340282,8.191627983148463
full,429,1,8.159928099566512,8.191627983148463
full,430,1,8.19049200513311,8.191627983148463
full,431,1,8.289702736908152,8.191627983148463
full,424,1,8.293081349265249,8.191627983148463
full,425,1,8.331857216538541,8.191627983148463
full,426,1,8.34442581545236,8.191627983148463
full,427,1,8.283832355079277,8.191627983148463
full,440,1,8.299844133914794,8.191627983148463
full,441,1,8.341997945460582,8.191627983148463
full,442,1,8.15853941320113,8.191627983148463
full,443,1,8.414756079516826,8.191627983148463
full,436,1,8.270521897499496,8.191627983148463
full,437,1,8.183229437419657,8.191627983148463
full,438,1,8.24966693897564,8.191627983148463
full,439,1,8.451881642449234,8.191627983148463
full,444,1,8.326368861896876,8.191627983148463
full,445,1,8.229774828700773,8.191627983148463
full,446,1,8.362335418080042,8.191627983148463
full,447,1,8.460483022704928,8.191627983148463
full,452,1,8.403198729027112,8.191627983148463
full,453,1,8.362380591804376,8.191627983148463
full,454,1,8.358475834718432,8.191627983148463
full,455,1,8.345497454915057,8.191627983148463
full,448,1,8.214932419952609,8.191627983148463
full,449,1,8.359754580471712,8.191627983148463
full,450,1,8.26477252330429,8.191627983148463
full,451,1,8.370519782153307,8.191627983148463
full,460,1,8.345165584255902,8.191627983148463
full,461,1,8.374885453228607,8.191627983148463
full,462,1,8.374255777347138,8.191627983148463
full,463,1,8.38829426488103,8.191627983148463
full,456,1,8.325213040751771,8.191627983148463
full,457,1,8.333814200950101,8.191627983148463
full,458,1,8.382736805238746,8.191627983148463
full,459,1,8.433123546090602,8.191627983148463
full,468,1,8.348654697665326,8.191627983148463
full,469,1,8.343258243111663,8.191627983148463
full,470,1,8.322772492084848,8.191627983148463
full,471,1,8.387602936586747,8.191627983148463
full,464,1,8.332356655516069,8.191627983148463
full,465,1,8.326729773571493,8.191627983148463
full,466,1,8.357642921557808,8.191627983148463
full,467,1,8.318746118328177,8.191627983148463
full,480,1,8.232013859133268,8.191627983148463
full,481,1,8.342835958488157,8.191627983148463
full,482,1,8.282035132195775,8.191627983148463
full,483,1,8.230965655993852,8.191627983148463
full,484,1,8.353709325133782,8.191627983148463
full,485,1,8.270585493328824,8.191627983148463
full,486,1,8.349070235643126,8.191627983148463
full,487,1,8.387806563852145,8.191627983148463
full,472,1,8.285584048046648,8.191627983148463
full,473,1,8.392514578328313,8.191627983148463
full,474,1,8.39702904925754,8.191627983148463
full,475,1,8.296860997720536,8.191627983148463
full,476,1,8.357025040774731,8.191627983148463
full,477,1,8.397893463528503,8.191627983148463
full,478,1,8.345302658401133,8.191627983148463
full,479,1,8.347961596196889,8.191627983148463
full,492,1,8.360033690576257,8.191627983148463
full,493,1,8.34119524045808,8.191627983148463
full,494,1,8.380056424813587,8.191627983148463
full,495,1,8.35260352506135,8.191627983148463
full,488,1,8.33942981272242,8.191627983148463
full,489,1,8.353385053576835,8.191627983148463
full,490,1,8.459995157275257,8.191627983148463
full,491,1,8.359384154092812,8.191627983148463
full,496,1,8.265013234322192,8.191627983148463
full,497,1,8.445353154944911,8.191627983148463
full,498,1,8.328747222789701,8.191627983148463
full,499,1,8.19092581547329,8.191627983148463
sltd,0,1,8.354794916819525,8.191627983148463
sltd,1,1,8.43940894621742,8.191627983148463
sltd,2,1,8.485478925491027,8.191627983148463
sltd,3,1,8.196709545487359,8.191627983148463
sltd,8,1,8.298210022332638,8.191627983148463
sltd,9,1,8.291577829681454,8.191627983148463
sltd,10,1,8.226907619812016,8.191627983148463
sltd,11,1,8.246476385789183,8.191627983148463
sltd,32,1,8.2212743706155,8.191627983148463
sltd,33,1,8.311762595523973,8.191627983148463
sltd,34,1,8.319872378201802,8.191627983148463
sltd,35,1,8.23094222767569,8.191627983148463
sltd,12,1,8.116641063119665,8.191627983148463
sltd,13,1,8.44215388438679,8.191627983148463
sltd,14,1,8.235125783526568,8.191627983148463
sltd,15,1,8.211928998894638,8.191627983148463
sltd,4,1,8.700421649493876,8.191627983148463
sltd,5,1,9.18770398385787,8.191627983148463
sltd,6,1,8.440655697296416,8.191627983148463
sltd,7,1,8.284431986546018,8.191627983148463
sltd,16,1,8.20194993640231,8.191627983148463
sltd,17,1,8.495344712562028,8.191627983148463
sltd,18,1,8.109478498795328,8.191627983148463
sltd,19,1,8.453184814929157,8.191627983148463
sltd,20,1,8.260501143738546,8.191627983148463
sltd,21,1,8.153872381978815,8.191627983148463
sltd,22,1,8.348473485026823,8.191627983148463
sltd,23,1,8.30198346983356,8.191627983148463
sltd,36,1,8.3099971253293,8.191627983148463
sltd,37,1,8.196007303650388,8.191627983148463
sltd,38,1,8.255703368140784,8.191627983148463
sltd,39,1,8.51399591008334,8.191627983148463
sltd,28,1,8.121089775485164,8.191627983148463
sltd,29,1,8.235891798650691,8.191627983148463
sltd,30,1,8.212936535858043,8.191627983148463
sltd,31,1,8.276208442954742,8.191627983148463
sltd,48,1,8.270628712089005,8.191627983148463
sltd,49,1,8.23537809250955,8.191627983148463
sltd,50,1,8.23655338714815,8.191627983148463
sltd,51,1,8.164691210230556,8.191627983148463
sltd,44,1,8.49559561315666,8.191627983148463
sltd,45,1,8.48259651795751,8.191627983148463
sltd,46,1,8.20712828140788,8.191627983148463
sltd,47,1,8.425169442153415,8.191627983148463
sltd,40,1,8.385436399482376,8.191627983148463
sltd,41,1,8.532454807095759,8.191627983148463
sltd,42,1,8.61963044921798,8.191627983148463
sltd,43,1,8.358127718425258,8.191627983148463
sltd,24,1,8.285792075257572,8.191627983148463
sltd,25,1,8.241214027945443,8.191627983148463
sltd,26,1,8.202724163625003,8.191627983148463
sltd,27,1,8.1933592482256,8.191627983148463
sltd,52,1,8.467496383665482,8.191627983148463
sltd,53,1,8.29836324890394,8.191627983148463
sltd,54,1,8.286291499631186,8.191627983148463
sltd,55,1,8.525149193597313,8.191627983148463
sltd,64,1,8.359237678475816,8.191627983148463
sltd,65,1,8.156373106697453,8.191627983148463
sltd,66,1,8.22096644174986,8.191627983148463
sltd,67,1,8.297359703439897,8.191627983148463
sltd,56,1,8.266273129618492,8.191627983148463
sltd,57,1,8.184377543109127,8.191627983148463
sltd,58,1,8.164443079634452,8.191627983148463
sltd,59,1,8.141955146622873,8.191627983148463
sltd,76,1,8.153645138747372,8.191627983148463
sltd,77,1,8.337891255183328,8.191627983148463
sltd,78,1,8.16435470806298,8.191627983148463
sltd,79,1,8.185334807926319,8.191627983148463
sltd,68,1,8.272852777081612,8.191627983148463
sltd,69,1,8.3987245290663,8.191627983148463
sltd,70,1,8.169763837896898,8.191627983148463
sltd,71,1,8.316316585095752,8.191627983148463
sltd,60,1,8.414028004024132,8.191627983148463
sltd,61,1,8.300335641891015,8.191627983148463
sltd,62,1,8.144444408696705,8.191627983148463
sltd,63,1,8.78040053908541,8.191627983148463
sltd,96,1,8.177574987542872,8.191627983148463
sltd,97,1,8.319524235535875,8.191627983148463
sltd,98,1,8.320169671050717,8.191627983148463
sltd,99,1,8.32139937385607,8.191627983148463
sltd,84,1,8.784955137114874,8.191627983148463
sltd,85,1,8.328069491890645,8.191627983148463
sltd,86,1,8.59717438261929,8.191627983148463
sltd,87,1,8.20145348354378,8.191627983148463
sltd,88,1,8.198320154824032,8.191627983148463
sltd,89,1,8.425614523054579,8.191627983148463
sltd,90,1,8.240859285731034,8.191627983148463
sltd,91,1,8.261219315205098,8.191627983148463
sltd,80,1,8.195595157257932,8.191627983148463
sltd,81,1,8.12346736145267,8.191627983148463
sltd,82,1,8.138576716047,8.191627983148463
sltd,83,1,8.39257996027006,8.191627983148463
sltd,72,1,8.174842887549687,8.191627983148463
sltd,73,1,8.347527438038922,8.191627983148463
sltd,74,1,8.356318349997617,8.191627983148463
sltd,75,1,8.212872755214804,8.191627983148463
sltd,100,1,8.16051140496649,8.191627983148463
sltd,101,1,8.272124659351887,8.191627983148463
sltd,102,1,8.287143797803717,8.191627983148463
sltd,103,1,8.218567874651056,8.191627983148463
sltd,92,1,8.224158969573066,8.191627983148463
sltd,93,1,8.35283902522026,8.191627983148463
sltd,94,1,8.148836790846193,8.191627983148463
sltd,95,1,8.13678730048633,8.191627983148463
sltd,104,1,8.345762590523721,8.191627983148463
sltd,105,1,8.3139564205769,8.191627983148463
sltd,106,1,8.225080793684759,8.191627983148463
sltd,107,1,8.194384389795518,8.191627983148463
sltd,108,1,8.252280952507133,8.191627983148463
sltd,109,1,8.535631529099689,8.191627983148463
sltd,110,1,8.210184644736056,8.191627983148463
sltd,111,1,8.72231127677251,8.191627983148463
sltd,124,1,8.319352099444806,8.191627983148463
sltd,125,1,8.298530453972761,8.191627983148463
sltd,126,1,8.26166958525779,8.191627983148463
sltd,127,1,8.200339937755938,8.191627983148463
sltd,112,1,8.211247815659963,8.191627983148463
sltd,113,1,8.41955988275461,8.191627983148463
sltd,114,1,8.24826720454233,8.191627983148463
sltd,115,1,8.215607942054676,8.191627983148463
sltd,116,1,8.515512475841556,8.191627983148463
sltd,117,1,8.24576230540097,8.191627983148463
sltd,118,1,8.193646150390347,8.191627983148463
sltd,119,1,8.357534670205151,8.191627983148463
sltd,120,1,8.430503544499715,8.191627983148463
sltd,121,1,8.385037993434697,8.191627983148463
sltd,122,1,8.507489724713768,8.191627983148463
sltd,123,1,8.288294894444732,8.191627983148463
sltd,136,1,8.229197888596575,8.191627983148463
sltd,137,1,8.549097736764297,8.191627983148463
sltd,138,1,8.265850137458177,8.191627983148463
sltd,139,1,8.299604672019312,8.191627983148463
sltd,128,1,8.16489575164103,8.191627983148463
sltd,129,1,8.636350111067026,8.191627983148463
sltd,130,1,8.243476605964359,8.191627983148463
sltd,131,1,8.886795228552998,8.191627983148463
sltd,140,1,8.367639669137862,8.191627983148463
sltd,141,1,8.167015829398043,8.191627983148463
sltd,142,1,8.261958417538064,8.191627983148463
sltd,143,1,8.612736533642307,8.191627983148463
sltd,152,1,8.178414064637705,8.191627983148463
sltd,153,1,8.29254466904377,8.191627983148463
sltd,154,1,8.378277169251435,8.191627983148463
sltd,155,1,8.322999601783906,8.191627983148463
sltd,132,1,8.506822298221842,8.191627983148463
sltd,133,1,8.172506108225727,8.191627983148463
sltd,134,1,8.612967495562316,8.191627983148463
sltd,135,1,8.134872361828313,8.191627983148463
sltd,144,1,8.194499870340774,8.191627983148463
sltd,145,1,8.519226903263869,8.191627983148463
sltd,146,1,8.136076153645284,8.191627983148463
sltd,147,1,8.218433722098148,8.191627983148463
sltd,148,1,8.412871879844987,8.191627983148463
sltd,149,1,8.468817040461404,8.191627983148463
sltd,150,1,8.421184148669028,8.191627983148463
sltd,151,1,8.271803906368987,8.191627983148463
sltd,164,1,8.991221897113258,8.191627983148463
sltd,165,1,8.2418969768202,8.191627983148463
sltd,166,1,8.582941925282471,8.191627983148463
sltd,167,1,8.173651484331318,8.191627983148463
sltd,156,1,8.24089394703848,8.191627983148463
sltd,157,1,8.237318621352143,8.191627983148463
sltd,158,1,8.282287788288174,8.191627983148463
sltd,159,1,8.242576118943187,8.191627983148463
sltd,160,1,8.328004340853445,8.191627983148463
sltd,161,1,8.219402678976598,8.191627983148463
sltd,162,1,8.180832600873906,8.191627983148463
sltd,163,1,8.463499914202767,8.191627983148463
sltd,168,1,8.269136977553384,8.191627983148463
sltd,169,1,8.48985191304346,8.191627983148463
sltd,170,1,8.40448220969627,8.191627983148463
sltd,171,1,8.261466461409956,8.191627983148463
sltd,176,1,8.091642970615643,8.191627983148463
sltd,177,1,8.361610946556853,8.191627983148463
sltd,178,1,8.288827062595743,8.191627983148463
sltd,179,1,8.678415437998416,8.191627983148463
sltd,172,1,8.693839829082728,8.191627983148463
sltd,173,1,8.236270507644276,8.191627983148463
sltd,174,1,8.370191930465692,8.191627983148463
sltd,175,1,8.465169733717742,8.191627983148463
sltd,188,1,8.20639464876397,8.191627983148463
sltd,189,1,8.380916587386057,8.191627983148463
sltd,190,1,8.613083317102605,8.191627983148463
sltd,191,1,8.374840045436123,8.191627983148463
sltd,180,1,8.204359440705149,8.191627983148463
sltd,181,1,9.274272967710438,8.191627983148463
sltd,182,1,8.24194518771175,8.191627983148463
sltd,183,1,8.24477528469817,8.191627983148463
sltd,192,1,8.224245012760933,8.191627983148463
sltd,193,1,8.223068057391748,8.191627983148463
sltd,194,1,8.29243054952877,8.191627983148463
sltd,195,1,8.297217244410371,8.191627983148463
sltd,196,1,8.271051705895752,8.191627983148463
sltd,197,1,8.227562709696144,8.191627983148463
sltd,198,1,8.264057096315547,8.191627983148463
sltd,199,1,8.195672892907547,8.191627983148463
sltd,208,1,8.30369134594214,8.191627983148463
sltd,209,1,8.51143511075369,8.191627983148463
sltd,210,1,8.632891856304674,8.191627983148463
sltd,211,1,8.816992618151886,8.191627983148463
sltd,184,1,8.41474081223983,8.191627983148463
sltd,185,1,8.106258166515284,8.191627983148463
sltd,186,1,8.22345540885692,8.191627983148463
sltd,187,1,8.242849294909954,8.191627983148463
sltd,200,1,8.376899762177475,8.191627983148463
sltd,201,1,8.203669452374628,8.191627983148463
sltd,202,1,8.27649838650744,8.191627983148463
sltd,203,1,8.29686842641696,8.191627983148463
sltd,204,1,8.285202513326261,8.191627983148463
sltd,205,1,8.317119020480812,8.191627983148463
sltd,206,1,8.504970460866273,8.191627983148463
sltd,207,1,8.139941922006004,8.191627983148463
sltd,216,1,8.243083184364409,8.191627983148463
sltd,217,1,8.255111216937202,8.191627983148463
sltd,218,1,8.459207005718323,8.191627983148463
sltd,219,1,8.206610593168161,8.191627983148463
sltd,220,1,8.344388355678754,8.191627983148463
sltd,221,1,8.251641896951499,8.191627983148463
sltd,222,1,8.189377598312996,8.191627983148463
sltd,223,1,8.34768791288075,8.191627983148463
sltd,212,1,8.239422937533588,8.191627983148463
sltd,213,1,8.759674957800934,8.191627983148463
sltd,214,1,8.268585981945929,8.191627983148463
sltd,215,1,8.27099696972784,8.191627983148463
sltd,232,1,8.381049171263912,8.191627983148463
sltd,233,1,8.218990229310682,8.191627983148463
sltd,234,1,8.031598438892365,8.191627983148463
sltd,235,1,8.160605251587272,8.191627983148463
sltd,228,1,8.243378010021251,8.191627983148463
sltd,229,1,8.3481774833317,8.191627983148463
sltd,230,1,8.229692014444554,8.191627983148463
sltd,231,1,8.199493452765877,8.191627983148463
sltd,236,1,8.463220574714246,8.191627983148463
sltd,237,1,8.354376371993451,8.191627983148463
sltd,238,1,8.265791616518536,8.191627983148463
sltd,239,1,8.735592651027211,8.191627983148463
sltd,224,1,8.414795470127416,8.191627983148463
sltd,225,1,8.118389000033478,8.191627983148463
sltd,226,1,9.014369016858488,8.191627983148463
sltd,227,1,8.237604052742862,8.191627983148463
sltd,244,1,8.170218900822988,8.191627983148463
sltd,245,1,8.164885687728486,8.191627983148463
sltd,246,1,8.411104070171303,8.191627983148463
sltd,247,1,8.270206226934436,8.191627983148463
sltd,248,1,8.265427002799036,8.191627983148463
sltd,249,1,8.140673919026376,8.191627983148463
sltd,250,1,8.197174694189236,8.191627983148463
sltd,251,1,8.175266032181048,8.191627983148463
sltd,252,1,8.313779588920845,8.191627983148463
sltd,253,1,8.309198790991427,8.191627983148463
sltd,254,1,8.377167152226125,8.191627983148463
sltd,255,1,8.32785238014937,8.191627983148463
sltd,240,1,8.752023410237266,8.191627983148463
sltd,241,1,8.383259855334112,8.191627983148463
sltd,242,1,8.271316543061136,8.191627983148463
sltd,243,1,8.298187970701157,8.191627983148463
sltd,264,1,8.297340760371032,8.191627983148463
sltd,265,1,8.309739851266038,8.191627983148463
sltd,266,1,8.286319701732033,8.191627983148463
sltd,267,1,8.275308968170583,8.191627983148463
sltd,260,1,8.753382164163167,8.191627983148463
sltd,261,1,8.14482272900254,8.191627983148463
sltd,262,1,8.941249005052002,8.191627983148463
sltd,263,1,8.348804723487188,8.191627983148463
sltd,256,1,8.33875931826435,8.191627983148463
sltd,257,1,8.38124600403158,8.191627983148463
sltd,258,1,8.222756513430783,8.191627983148463
sltd,259,1,8.128083026909156,8.191627983148463
sltd,268,1,8.250166240549241,8.191627983148463
sltd,269,1,8.294066866261952,8.191627983148463
sltd,270,1,8.222046989202596,8.191627983148463
sltd,271,1,8.235861982537184,8.191627983148463
sltd,272,1,8.51942153565365,8.191627983148463
sltd,273,1,8.772320809223988,8.191627983148463
sltd,274,1,8.155331784354393,8.191627983148463
sltd,275,1,8.28212153655413,8.191627983148463
sltd,276,1,8.276961156229476,8.191627983148463
sltd,277,1,8.27123120312263,8.191627983148463
sltd,278,1,8.516169478798348,8.191627983148463
sltd,279,1,8.262524879282534,8.191627983148463
sltd,288,1,8.575530184338636,8.191627983148463
sltd,289,1,8.241891707923136,8.191627983148463
sltd,290,1,8.313370091809526,8.191627983148463
sltd,291,1,8.295709640257305,8.191627983148463
sltd,280,1,8.16560521248076,8.191627983148463
sltd,281,1,8.239028584175218,8.191627983148463
sltd,282,1,8.140904495441887,8.191627983148463
sltd,283,1,8.442033588489469,8.191627983148463
sltd,296,1,8.505288335085735,8.191627983148463
sltd,297,1,8.224263504036923,8.191627983148463
sltd,298,1,8.297626900145877,8.191627983148463
sltd,299,1,8.179656946938783,8.191627983148463
sltd,292,1,8.103651794400289,8.191627983148463
sltd,293,1,8.170430336971148,8.191627983148463
sltd,294,1,8.116216443874817,8.191627983148463
sltd,295,1,8.40095679040088,8.191627983148463
sltd,304,1,8.054248866117616,8.191627983148463
sltd,305,1,8.295786286720462,8.191627983148463
sltd,306,1,8.519105682839063,8.191627983148463
sltd,307,1,8.226926596689895,8.191627983148463
sltd,308,1,8.629470835121849,8.191627983148463
sltd,309,1,8.259107506586108,8.191627983148463
sltd,310,1,8.194056850424888,8.191627983148463
sltd,311,1,8.257180091884035,8.191627983148463
sltd,312,1,8.394162452187825,8.191627983148463
sltd,313,1,8.587564783203641,8.191627983148463
sltd,314,1,8.369907351981324,8.191627983148463
sltd,315,1,8.534048812118069,8.191627983148463
sltd,284,1,8.313076990336416,8.191627983148463
sltd,285,1,8.546785434571238,8.191627983148463
sltd,286,1,8.253036113939432,8.191627983148463
sltd,287,1,8.285508268758443,8.191627983148463
sltd,300,1,8.378782043929608,8.191627983148463
sltd,301,1,8.100938988760708,8.191627983148463
sltd,302,1,8.329828866581739,8.191627983148463
sltd,303,1,8.325037616334852,8.191627983148463
sltd,320,1,8.683981766587902,8.191627983148463
sltd,321,1,8.106089657777172,8.191627983148463
sltd,322,1,8.232027805679648,8.191627983148463
sltd,323,1,9.172938117321946,8.191627983148463
sltd,324,1,8.398060823220783,8.191627983148463
sltd,325,1,8.263662101709306,8.191627983148463
sltd,326,1,8.275787297570186,8.191627983148463
sltd,327,1,8.450452022511499,8.191627983148463
sltd,316,1,8.308365859844027,8.191627983148463
sltd,317,1,8.406711444860155,8.191627983148463
sltd,318,1,8.264015772598166,8.191627983148463
sltd,319,1,8.254190791613516,8.191627983148463
sltd,328,1,8.287917908481552,8.191627983148463
sltd,329,1,8.476696703029193,8.191627983148463
sltd,330,1,8.241615770874205,8.191627983148463
sltd,331,1,8.728875943842175,8.191627983148463
sltd,332,1,8.203336862397963,8.191627983148463
sltd,333,1,8.330735267023455,8.191627983148463
sltd,334,1,8.669676046029295,8.191627983148463
sltd,335,1,8.40674166154215,8.191627983148463
sltd,336,1,8.34454332771744,8.191627983148463
sltd,337,1,8.549593226805472,8.191627983148463
sltd,338,1,8.427863040434351,8.191627983148463
sltd,339,1,8.24141668263793,8.191627983148463
sltd,340,1,8.218413486377422,8.191627983148463
sltd,341,1,8.381474646563287,8.191627983148463
sltd,342,1,8.270548204207431,8.191627983148463
sltd,343,1,8.30717401214838,8.191627983148463
sltd,344,1,8.215218981458872,8.191627983148463
sltd,345,1,8.339388630630067,8.191627983148463
sltd,346,1,8.230121501184339,8.191627983148463
sltd,347,1,8.167140612211735,8.191627983148463
sltd,348,1,8.388539576482255,8.191627983148463
sltd,349,1,8.29498549304826,8.191627983148463
sltd,350,1,8.36766279908544,8.191627983148463
sltd,351,1,8.206944953261342,8.191627983148463
sltd,352,1,8.256778640690781,8.191627983148463
sltd,353,1,8.605582226694372,8.191627983148463
sltd,354,1,8.220646529263183,8.191627983148463
sltd,355,1,8.338739623658235,8.191627983148463
sltd,360,1,8.297071338963388,8.191627983148463
sltd,361,1,8.177468792362596,8.191627983148463
sltd,362,1,8.226959146998437,8.191627983148463
sltd,363,1,8.227403823213459,8.191627983148463
sltd,356,1,8.052086904919026,8.191627983148463
sltd,357,1,8.196183265821512,8.191627983148463
sltd,358,1,8.246847729617087,8.191627983148463
sltd,359,1,9.265971417310984,8.191627983148463
sltd,368,1,8.326696295404112,8.191627983148463
sltd,369,1,8.481956668752895,8.191627983148463
sltd,370,1,8.280162774569735,8.191627983148463
sltd,371,1,8.291845719530135,8.191627983148463
sltd,372,1,8.300558045694638,8.191627983148463
sltd,373,1,8.28923136138194,8.191627983148463
sltd,374,1,8.141783147202634,8.191627983148463
sltd,375,1,8.265022880417453,8.191627983148463
sltd,364,1,8.249550731965025,8.191627983148463
sltd,365,1,8.457859930342275,8.191627983148463
sltd,366,1,8.159072276319618,8.191627983148463
sltd,367,1,8.947552799667271,8.191627983148463
sltd,384,1,8.183902917874239,8.191627983148463
sltd,385,1,8.633404737226588,8.191627983148463
sltd,386,1,8.20332269611474,8.191627983148463
sltd,387,1,8.19967025907331,8.191627983148463
sltd,388,1,8.496375510859467,8.191627983148463
sltd,389,1,8.327900978504411,8.191627983148463
sltd,390,1,8.327816891804734,8.191627983148463
sltd,391,1,7.959619043806803,8.191627983148463
sltd,376,1,8.303033710953358,8.191627983148463
sltd,377,1,7.894791887025345,8.191627983148463
sltd,378,1,8.48312175403702,8.191627983148463
sltd,379,1,8.286935978045308,8.191627983148463
sltd,380,1,8.713004982709434,8.191627983148463
sltd,381,1,8.140433131278728,8.191627983148463
sltd,382,1,8.184527727215581,8.191627983148463
sltd,383,1,8.267514180187833,8.191627983148463
sltd,392,1,8.28482387829475,8.191627983148463
sltd,393,1,8.215953047638815,8.191627983148463
sltd,394,1,8.299879030181284,8.191627983148463
sltd,395,1,8.174909570626813,8.191627983148463
sltd,396,1,8.207139479625726,8.191627983148463
sltd,397,1,8.423032773930672,8.191627983148463
sltd,398,1,8.281755450633208,8.191627983148463
sltd,399,1,8.39668456657143,8.191627983148463
sltd,400,1,8.244327369726795,8.191627983148463
sltd,401,1,8.30645236488452,8.191627983148463
sltd,402,1,8.24540882363971,8.191627983148463
sltd,403,1,8.275127334882718,8.191627983148463
sltd,404,1,8.496779025423365,8.191627983148463
sltd,405,1,8.33320955252148,8.191627983148463
sltd,406,1,8.303430356944308,8.191627983148463
sltd,407,1,8.324312515721957,8.191627983148463
sltd,412,1,8.197674665985938,8.191627983148463
sltd,413,1,8.329236318303556,8.191627983148463
sltd,414,1,8.272389177623344,8.191627983148463
sltd,415,1,8.424791872309699,8.191627983148463
sltd,408,1,8.782707909161365,8.191627983148463
sltd,409,1,8.114370162274275,8.191627983148463
sltd,410,1,8.215940017423005,8.191627983148463
sltd,411,1,8.557427264041198,8.191627983148463
sltd,420,1,8.416283416524115,8.191627983148463
sltd,421,1,8.314227017384589,8.191627983148463
sltd,422,1,8.095589416665296,8.191627983148463
sltd,423,1,8.34479972271335,8.191627983148463
sltd,424,1,8.398318758810749,8.191627983148463
sltd,425,1,8.282423106493018,8.191627983148463
sltd,426,1,8.244063652918102,8.191627983148463
sltd,427,1,8.236945071094441,8.191627983148463
sltd,428,1,8.327913305816839,8.191627983148463
sltd,429,1,8.255435561511264,8.191627983148463
sltd,430,1,8.228218059376749,8.191627983148463
sltd,431,1,8.568134104610785,8.191627983148463
sltd,432,1,8.252830506767197,8.191627983148463
sltd,433,1,8.290165021956271,8.191627983148463
sltd,434,1,8.210919041039036,8.191627983148463
sltd,435,1,8.535297466616347,8.191627983148463
sltd,416,1,8.198985652974043,8.191627983148463
sltd,417,1,8.406332484384512,8.191627983148463
sltd,418,1,8.519234797238193,8.191627983148463
sltd,419,1,8.389211282350029,8.191627983148463
sltd,436,1,8.952011862793954,8.191627983148463
sltd,437,1,8.300340659849407,8.191627983148463
sltd,438,1,8.278594440365636,8.191627983148463
sltd,439,1,8.492994597720791,8.191627983148463
sltd,444,1,8.184151831729551,8.191627983148463
sltd,445,1,8.209056523559076,8.191627983148463
sltd,446,1,8.652913361019545,8.191627983148463
sltd,447,1,8.253678186827129,8.191627983148463
sltd,440,1,8.476933530993572,8.191627983148463
sltd,441,1,8.05939597581727,8.191627983148463
sltd,442,1,8.338941613839026,8.191627983148463
sltd,443,1,8.612763513782397,8.191627983148463
sltd,456,1,8.343399644055435,8.191627983148463
sltd,457,1,8.33623012544231,8.191627983148463
sltd,458,1,8.780846322142285,8.191627983148463
sltd,459,1,8.666037487910268,8.191627983148463
sltd,448,1,8.283539299590784,8.191627983148463
sltd,449,1,8.466453940667817,8.191627983148463
sltd,450,1,8.169493274864633,8.191627983148463
sltd,451,1,8.199228396421786,8.191627983148463
sltd,452,1,8.364757246252784,8.191627983148463
sltd,453,1,8.317010051629776,8.191627983148463
sltd,454,1,8.690909257645881,8.191627983148463
sltd,455,1,8.169406323225404,8.191627983148463
sltd,460,1,8.293372298192688,8.191627983148463
sltd,461,1,8.232509085950666,8.191627983148463
sltd,462,1,8.091980810581306,8.191627983148463
sltd,463,1,8.34011972968374,8.191627983148463
sltd,464,1,8.246639329321532,8.191627983148463
sltd,465,1,8.101690230483463,8.191627983148463
sltd,466,1,8.171654069171845,8.191627983148463
sltd,467,1,8.378684695689865,8.191627983148463
sltd,472,1,8.315356144446152,8.191627983148463
sltd,473,1,8.210151906976982,8.191627983148463
sltd,474,1,8.395948721813541,8.191627983148463
sltd,475,1,8.128325835613756,8.191627983148463
sltd,484,1,8.23419572979496,8.191627983148463
sltd,485,1,8.287323168124708,8.191627983148463
sltd,486,1,8.248728910384886,8.191627983148463
sltd,487,1,8.296966672619936,8.191627983148463
sltd,468,1,8.291319113741109,8.191627983148463
sltd,469,1,8.370984535014244,8.191627983148463
sltd,470,1,8.612464402420015,8.191627983148463
sltd,471,1,8.283971514434766,8.191627983148463
sltd,480,1,8.448820992873499,8.191627983148463
sltd,481,1,8.328136248773452,8.191627983148463
sltd,482,1,8.298475787265065,8.191627983148463
sltd,483,1,8.257759850484542,8.191627983148463
sltd,476,1,8.11592614130237,8.191627983148463
sltd,477,1,8.350213588838923,8.191627983148463
sltd,478,1,8.308777806920576,8.191627983148463
sltd,479,1,8.22334112698535,8.191627983148463
sltd,492,1,8.349748836706114,8.191627983148463
sltd,493,1,8.245650506055592,8.191627983148463
sltd,494,1,8.892262654524604,8.191627983148463
sltd,495,1,8.342021452860049,8.191627983148463
sltd,496,1,8.21917559850477,8.191627983148463
sltd,497,1,8.352029894042595,8.191627983148463
sltd,498,1,8.294489331828194,8.191627983148463
sltd,499,1,8.268030101512968,8.191627983148463
sltd,488,1,8.255391917642735,8.191627983148463
sltd,489,1,8.15854501832775,8.191627983148463
sltd,490,1,8.52359407239867,8.191627983148463
sltd,491,1,8.218327971613121,8.191627983148463
discard,16,1,8.095904679815103,8.191627983148463
discard,17,1,8.193140322841193,8.191627983148463
discard,18,1,8.247645917039955,8.191627983148463
discard,19,1,8.256344563461388,8.191627983148463
discard,48,1,8.182818973206912,8.191627983148463
discard,49,1,8.33668777642079,8.191627983148463
discard,50,1,8.942446907872426,8.191627983148463
discard,51,1,8.171474927009792,8.191627983148463
discard,0,1,8.24824641022554,8.191627983148463
discard,1,1,8.208524000611778,8.191627983148463
discard,2,1,7.994430724660898,8.191627983148463
discard,3,1,8.21267728790286,8.191627983148463
discard,20,1,8.04176178038351,8.191627983148463
discard,21,1,8.458709371592429,8.191627983148463
discard,22,1,7.957123487826375,8.191627983148463
discard,23,1,8.358315788688913,8.191627983148463
discard,4,1,8.222881184606935,8.191627983148463
discard,5,1,8.213653931265355,8.191627983148463
discard,6,1,8.22637593777072,8.191627983148463
discard,7,1,8.2034964711963,8.191627983148463
discard,12,1,8.123482331129562,8.191627983148463
discard,13,1,8.206206702492482,8.191627983148463
discard,14,1,8.161434453952081,8.191627983148463
discard,15,1,8.159123523809148,8.191627983148463
discard,28,1,-inf,8.191627983148463
discard,29,1,8.173994775826463,8.191627983148463
discard,30,1,8.129037558477021,8.191627983148463
discard,31,1,8.274631592923543,8.191627983148463
discard,44,1,8.089531423782384,8.191627983148463
discard,45,1,8.238739823808205,8.191627983148463
discard,46,1,7.989423608417006,8.191627983148463
discard,47,1,8.315301067011001,8.191627983148463
discard,36,1,7.99363505951412,8.191627983148463
discard,37,1,8.148574670576709,8.191627983148463
discard,38,1,8.485816615088655,8.191627983148463
discard,39,1,8.22846648579715,8.191627983148463
discard,40,1,8.12536438805276,8.191627983148463
discard,41,1,8.266398450951653,8.191627983148463
discard,42,1,8.143727142316145,8.191627983148463
discard,43,1,8.345378319510303,8.191627983148463
discard,52,1,8.450306673933328,8.191627983148463
discard,53,1,8.091312081086242,8.191627983148463
discard,54,1,8.052523874512145,8.191627983148463
discard,55,1,8.414208505988773,8.191627983148463
discard,24,1,8.046736085208488,8.191627983148463
discard,25,1,8.118622276473683,8.191627983148463
discard,26,1,8.201894706189927,8.191627983148463
discard,27,1,8.170788127838996,8.191627983148463
discard,32,1,8.112592734947658,8.191627983148463
discard,33,1,8.217453781494955,8.191627983148463
discard,34,1,8.234598710631287,8.191627983148463
discard,35,1,8.247818271845317,8.191627983148463
discard,8,1,8.110458102952075,8.191627983148463
discard,9,1,8.171792013840092,8.191627983148463
discard,10,1,8.207012323735073,8.191627983148463
discard,11,1,8.137631520565304,8.191627983148463
discard,104,1,8.17618318113783,8.191627983148463
discard,105,1,8.321221171811212,8.191627983148463
discard,106,1,8.942446907872426,8.191627983148463
discard,107,1,8.942446907872426,8.191627983148463
discard,60,1,8.275636266325344,8.191627983148463
discard,61,1,8.211989360840374,8.191627983148463
discard,62,1,8.241014130873713,8.191627983148463
discard,63,1,8.140728813071757,8.191627983148463
discard,68,1,8.123034131811828,8.191627983148463
discard,69,1,8.075817732284142,8.191627983148463
discard,70,1,8.942446907872426,8.191627983148463
discard,71,1,8.048354975505783,8.191627983148463
discard,88,1,8.172190034837639,8.191627983148463
discard,89,1,8.250952342246554,8.191627983148463
discard,90,1,8.28757437909131,8.191627983148463
discard,91,1,8.259288998847945,8.191627983148463
discard,100,1,8.304039278790993,8.191627983148463
discard,101,1,8.942446907872426,8.191627983148463
discard,102,1,8.264677426035242,8.191627983148463
discard,103,1,8.170005737978851,8.191627983148463
discard,76,1,8.208727146654805,8.191627983148463
discard,77,1,8.401719315949837,8.191627983148463
discard,78,1,8.208567649406222,8.191627983148463
discard,79,1,8.327822541191924,8.191627983148463
discard,80,1,8.25233080916761,8.191627983148463
discard,81,1,8.153516789102406,8.191627983148463
discard,82,1,8.128247446458685,8.191627983148463
discard,83,1,8.248167508505741,8.191627983148463
discard,64,1,8.171729290817533,8.191627983148463
discard,65,1,8.165433592331762,8.191627983148463
discard,66,1,8.062110690980965,8.191627983148463
discard,67,1,7.990865136360958,8.191627983148463
discard,72,1,8.143273449993636,8.191627983148463
discard,73,1,8.199060875130058,8.191627983148463
discard,74,1,8.336275880045408,8.191627983148463
discard,75,1,8.017366943845039,8.191627983148463
discard,108,1,8.059553435281266,8.191627983148463
discard,109,1,8.159847107744318,8.191627983148463
discard,110,1,8.247637212950213,8.191627983148463
discard,111,1,8.276671584180725,8.191627983148463
discard,56,1,8.236573440025465,8.191627983148463
discard,57,1,8.182446699984016,8.191627983148463
discard,58,1,8.185064935865338,8.191627983148463
discard,59,1,8.236890030727388,8.191627983148463
discard,96,1,8.257982429460299,8.191627983148463
discard,97,1,8.268284842610887,8.191627983148463
discard,98,1,8.377273729619747,8.191627983148463
discard,99,1,8.224123996324062,8.191627983148463
discard,92,1,8.243647429843811,8.191627983148463
discard,93,1,8.227911608041538,8.191627983148463
discard,94,1,8.39271845291675,8.191627983148463
discard,95,1,8.083866362266658,8.191627983148463
discard,84,1,8.16201847185745,8.191627983148463
discard,85,1,8.248217335975852,8.191627983148463
discard,86,1,7.979928645805872,8.191627983148463
discard,87,1,8.187512394455485,8.191627983148463
discard,112,1,8.122579759733192,8.191627983148463
discard,113,1,8.942446907872426,8.191627983148463
discard,114,1,8.182587300518254,8.191627983148463
discard,115,1,8.255723301924943,8.191627983148463
discard,120,1,8.140171086417677,8.191627983148463
discard,121,1,8.197993544001864,8.191627983148463
discard,122,1,8.334988958255938,8.191627983148463
discard,123,1,7.918056919682419,8.191627983148463
discard,116,1,8.279601377185733,8.191627983148463
discard,117,1,8.288055807244652,8.191627983148463
discard,118,1,8.22544415131953,8.191627983148463
discard,119,1,8.16915328654789,8.191627983148463
discard,132,1,8.174419395455962,8.191627983148463
discard,133,1,8.167016680562018,8.191627983148463
discard,134,1,8.315877340367921,8.191627983148463
discard,135,1,8.942446907872426,8.191627983148463
discard,128,1,8.107306381873766,8.191627983148463
discard,129,1,8.250620930463406,8.191627983148463
discard,130,1,8.231230197425322,8.191627983148463
discard,131,1,8.142795470605153,8.191627983148463
discard,152,1,8.206393963901359,8.191627983148463
discard,153,1,8.125639804233408,8.191627983148463
discard,154,1,7.992116957417594,8.191627983148463
discard,155,1,8.452974766554592,8.191627983148463
discard,124,1,8.410586593757362,8.191627983148463
discard,125,1,8.235387128298724,8.191627983148463
discard,126,1,8.35986100896898,8.191627983148463
discard,127,1,8.263065825645446,8.191627983148463
discard,136,1,8.231002784244058,8.191627983148463
discard,137,1,8.105603109659654,8.191627983148463
discard,138,1,8.31589881246665,8.191627983148463
discard,139,1,8.319758891183804,8.191627983148463
discard,144,1,8.352416642796753,8.191627983148463
discard,145,1,8.20288406535959,8.191627983148463
discard,146,1,8.305965123698858,8.191627983148463
discard,147,1,8.31445799762497,8.191627983148463
discard,140,1,8.228099194663807,8.191627983148463
discard,141,1,8.00209933184973,8.191627983148463
discard,142,1,8.154985803496942,8.191627983148463
discard,143,1,8.386630018408098,8.191627983148463
discard,156,1,8.172994745724617,8.191627983148463
discard,157,1,8.223395040141874,8.191627983148463
discard,158,1,8.177779159590848,8.191627983148463
discard,159,1,8.212382167894992,8.191627983148463
discard,148,1,8.117169874779504,8.191627983148463
discard,149,1,8.258999098230591,8.191627983148463
discard,150,1,8.199641528832784,8.191627983148463
discard,151,1,8.310294436597507,8.191627983148463
discard,160,1,8.209937453005072,8.191627983148463
discard,161,1,8.139358417554396,8.191627983148463
discard,162,1,8.31973363544058,8.191627983148463
discard,163,1,8.241996196400619,8.191627983148463
discard,164,1,8.169279931930197,8.191627983148463
discard,165,1,8.122723971836946,8.191627983148463
discard,166,1,8.194086611613328,8.191627983148463
discard,167,1,8.227269750830303,8.191627983148463
discard,172,1,8.243261220170481,8.191627983148463
discard,173,1,8.316559407161636,8.191627983148463
discard,174,1,8.310490578531105,8.191627983148463
discard,175,1,7.910331028583311,8.191627983148463
discard,180,1,8.243658452580643,8.191627983148463
discard,181,1,8.942446907872426,8.191627983148463
discard,182,1,8.072231444840575,8.191627983148463
discard,183,1,8.04292929132085,8.191627983148463
discard,204,1,8.226920885333321,8.191627983148463
discard,205,1,8.243744570246017,8.191627983148463
discard,206,1,8.400916273310829,8.191627983148463
discard,207,1,8.190624575015555,8.191627983148463
discard,192,1,8.175251537222037,8.191627983148463
discard,193,1,8.942446907872426,8.191627983148463
discard,194,1,8.30385852455264,8.191627983148463
discard,195,1,8.36628889559864,8.191627983148463
discard,168,1,8.259088640187398,8.191627983148463
discard,169,1,8.262898106554452,8.191627983148463
discard,170,1,8.151724682336914,8.191627983148463
discard,171,1,8.067139217175187,8.191627983148463
discard,176,1,8.357437532334375,8.191627983148463
discard,177,1,8.16812298108277,8.191627983148463
discard,178,1,8.414473274289652,8.191627983148463
discard,179,1,8.141500937126086,8.191627983148463
discard,200,1,8.279069518461938,8.191627983148463
discard,201,1,8.190261488374874,8.191627983148463
discard,202,1,8.259152819949097,8.191627983148463
discard,203,1,8.209346279431728,8.191627983148463
discard,188,1,8.109931414105139,8.191627983148463
discard,189,1,8.000283371641304,8.191627983148463
discard,190,1,8.291450471105435,8.191627983148463
discard,191,1,8.103765528172435,8.191627983148463
discard,184,1,8.061861254182046,8.191627983148463
discard,185,1,8.25452029966725,8.191627983148463
discard,186,1,8.454089704284405,8.191627983148463
discard,187,1,8.176409387316124,8.191627983148463
discard,196,1,8.12056633777001,8.191627983148463
discard,197,1,8.348574318094856,8.191627983148463
discard,198,1,8.174708232271723,8.191627983148463
discard,199,1,8.181381142244762,8.191627983148463
discard,216,1,8.238857323423252,8.191627983148463
discard,217,1,8.216508268649061,8.191627983148463
discard,218,1,8.942446907872426,8.191627983148463
discard,219,1,8.361016200507642,8.191627983148463
discard,212,1,8.313796976692018,8.191627983148463
discard,213,1,8.14709205810537,8.191627983148463
discard,214,1,8.021984979097189,8.191627983148463
discard,215,1,8.272970610795298,8.191627983148463
discard,208,1,8.262190034656372,8.191627983148463
discard,209,1,8.253197484320713,8.191627983148463
discard,210,1,8.032256444135895,8.191627983148463
discard,211,1,8.16226448874771,8.191627983148463
discard,220,1,8.207748749819904,8.191627983148463
discard,221,1,8.942446907872426,8.191627983148463
discard,222,1,8.145742370138937,8.191627983148463
discard,223,1,8.342151275347053,8.191627983148463
discard,236,1,8.19423407933915,8.191627983148463
discard,237,1,8.29528681690572,8.191627983148463
discard,238,1,8.242860379627128,8.191627983148463
discard,239,1,8.374941336638962,8.191627983148463
discard,224,1,8.222237912069662,8.191627983148463
discard,225,1,8.271462245695583,8.191627983148463
discard,226,1,8.414340438629354,8.191627983148463
discard,227,1,8.294911375051445,8.191627983148463
discard,256,1,8.942446907872426,8.191627983148463
discard,257,1,8.942446907872426,8.191627983148463
discard,258,1,8.275393246201505,8.191627983148463
discard,259,1,7.962865573480709,8.191627983148463
discard,252,1,8.118777003841124,8.191627983148463
discard,253,1,8.942446907872426,8.191627983148463
discard,254,1,8.25292057303168,8.191627983148463
discard,255,1,8.258353630649843,8.191627983148463
discard,228,1,8.223496263593253,8.191627983148463
discard,229,1,8.187547620304818,8.191627983148463
discard,230,1,8.2782664360513,8.191627983148463
discard,231,1,8.181778637950682,8.191627983148463
discard,248,1,8.002817593792699,8.191627983148463
discard,249,1,8.200529875033432,8.191627983148463
discard,250,1,8.35300157565159,8.191627983148463
discard,251,1,8.269487395117714,8.191627983148463
discard,232,1,8.081237944598998,8.191627983148463
discard,233,1,8.092489413501331,8.191627983148463
discard,234,1,8.259675199583063,8.191627983148463
discard,235,1,8.325860162804135,8.191627983148463
discard,240,1,8.221207323237136,8.191627983148463
discard,241,1,8.209503066312461,8.191627983148463
discard,242,1,8.140021542977887,8.191627983148463
discard,243,1,8.251713509659565,8.191627983148463
discard,276,1,8.257989644208935,8.191627983148463
discard,277,1,8.942446907872426,8.191627983148463
discard,278,1,7.944576692289511,8.191627983148463
discard,279,1,8.28255299626307,8.191627983148463
discard,244,1,8.247452876131696,8.191627983148463
discard,245,1,8.18498981604025,8.191627983148463
discard,246,1,8.169389219740927,8.191627983148463
discard,247,1,8.37676671381052,8.191627983148463
discard,280,1,8.405782444435513,8.191627983148463
discard,281,1,8.096255350042899,8.191627983148463
discard,282,1,8.26028310012291,8.191627983148463
discard,283,1,8.942446907872426,8.191627983148463
discard,260,1,7.951339375951199,8.191627983148463
discard,261,1,8.308862732099676,8.191627983148463
discard,262,1,8.148056960300732,8.191627983148463
discard,263,1,8.116829012000032,8.191627983148463
discard,288,1,8.29774238283757,8.191627983148463
discard,289,1,8.171064649298529,8.191627983148463
discard,290,1,8.942446907872426,8.191627983148463
discard,291,1,8.157208113560111,8.191627983148463
discard,264,1,8.219201154059483,8.191627983148463
discard,265,1,8.248991429539082,8.191627983148463
discard,266,1,8.282570665025807,8.191627983148463
discard,267,1,8.306221983802319,8.191627983148463
discard,268,1,8.156928877932863,8.191627983148463
discard,269,1,8.080347348197993,8.191627983148463
discard,270,1,8.074496510157232,8.191627983148463
discard,271,1,7.992415506867333,8.191627983148463
discard,272,1,8.0691776791371,8.191627983148463
discard,273,1,8.136385947584042,8.191627983148463
discard,274,1,8.198141589496657,8.191627983148463
discard,275,1,8.382665744001304,8.191627983148463
discard,284,1,8.001235100548516,8.191627983148463
discard,285,1,8.2412033918975,8.191627983148463
discard,286,1,8.398433832042304,8.191627983148463
discard,287,1,8.205001975004203,8.191627983148463
discard,316,1,8.135236859865108,8.191627983148463
discard,317,1,8.232422698142114,8.191627983148463
discard,318,1,8.068281969670569,8.191627983148463
discard,319,1,8.34234246551637,8.191627983148463
discard,300,1,7.968168194195711,8.191627983148463
discard,301,1,8.336476064614642,8.191627983148463
discard,302,1,8.160039622845856,8.191627983148463
discard,303,1,8.942446907872426,8.191627983148463
discard,304,1,8.015625566109172,8.191627983148463
discard,305,1,8.156363600859766,8.191627983148463
discard,306,1,8.190761827021793,8.191627983148463
discard,307,1,8.0951780148193,8.191627983148463
discard,292,1,8.042653223396343,8.191627983148463
discard,293,1,8.145632227273936,8.191627983148463
discard,294,1,8.942446907872426,8.191627983148463
discard,295,1,8.110445753183411,8.191627983148463
discard,308,1,8.220704857358998,8.191627983148463
discard,309,1,8.274792580124206,8.191627983148463
discard,310,1,8.242483520718304,8.191627983148463
discard,311,1,8.298031404125714,8.191627983148463
discard,296,1,8.367689059806926,8.191627983148463
discard,297,1,8.151687841902588,8.191627983148463
discard,298,1,8.253605564144015,8.191627983148463
discard,299,1,8.15080538614777,8.191627983148463
discard,312,1,8.19586799194398,8.191627983148463
discard,313,1,8.39769503580773,8.191627983148463
discard,314,1,8.067337756222571,8.191627983148463
discard,315,1,8.099030731500104,8.191627983148463
discard,320,1,8.284859607343861,8.191627983148463
discard,321,1,8.194343470012535,8.191627983148463
discard,322,1,8.333265063010549,8.191627983148463
discard,323,1,8.203702055420058,8.191627983148463
discard,328,1,8.113631005701349,8.191627983148463
discard,329,1,8.271243858034472,8.191627983148463
discard,330,1,8.269446137649643,8.191627983148463
discard,331,1,8.241145301251155,8.191627983148463
discard,324,1,8.158916981500894,8.191627983148463
discard,325,1,8.238639198288288,8.191627983148463
discard,326,1,8.170219834958683,8.191627983148463
discard,327,1,8.255065585324102,8.191627983148463
discard,332,1,8.257390351188807,8.191627983148463
discard,333,1,8.265610270703233,8.191627983148463
discard,334,1,8.26835540774838,8.191627983148463
discard,335,1,8.269805258317916,8.191627983148463
discard,344,1,8.135260064843246,8.191627983148463
discard,345,1,8.942446907872426,8.191627983148463
discard,346,1,8.218793665681515,8.191627983148463
discard,347,1,8.1359616817397,8.191627983148463
discard,336,1,8.151734324593889,8.191627983148463
discard,337,1,8.202495968310904,8.191627983148463
discard,338,1,8.279174666668434,8.191627983148463
discard,339,1,8.113356415201844,8.191627983148463
discard,360,1,8.140481787556638,8.191627983148463
discard,361,1,8.16768581924692,8.191627983148463
discard,362,1,8.142972097380712,8.191627983148463
discard,363,1,8.09351658791823,8.191627983148463
discard,348,1,8.401720920260672,8.191627983148463
discard,349,1,8.212313504984534,8.191627983148463
discard,350,1,8.217824153634703,8.191627983148463
discard,351,1,8.155171390359532,8.191627983148463
discard,356,1,8.01780227142698,8.191627983148463
discard,357,1,8.158057897097994,8.191627983148463
discard,358,1,8.261004853673187,8.191627983148463
discard,359,1,8.214268108712494,8.191627983148463
discard,340,1,8.047233809882366,8.191627983148463
discard,341,1,8.056185298525792,8.191627983148463
discard,342,1,8.192347121139244,8.191627983148463
discard,343,1,8.145821155157119,8.191627983148463
discard,368,1,8.13334760832109,8.191627983148463
discard,369,1,8.154059739588094,8.191627983148463
discard,370,1,7.82892873251025,8.191627983148463
discard,371,1,8.163111515230554,8.191627983148463
discard,372,1,8.942446907872426,8.191627983148463
discard,373,1,8.432654225132515,8.191627983148463
discard,374,1,8.115902821976213,8.191627983148463
discard,375,1,8.133512714515634,8.191627983148463
discard,352,1,8.282435611628001,8.191627983148463
discard,353,1,8.210001604629783,8.191627983148463
discard,354,1,8.40270673693694,8.191627983148463
discard,355,1,8.174039493355627,8.191627983148463
discard,364,1,8.077218420018884,8.191627983148463
discard,365,1,8.257496955974187,8.191627983148463
discard,366,1,8.275601261942478,8.191627983148463
discard,367,1,8.19926553791004,8.191627983148463
discard,380,1,8.237498729587253,8.191627983148463
discard,381,1,8.144883527236013,8.191627983148463
discard,382,1,7.945451583830699,8.191627983148463
discard,383,1,8.254120614880016,8.191627983148463
discard,376,1,7.88917661319362,8.191627983148463
discard,377,1,8.121352924495268,8.191627983148463
discard,378,1,7.960520373646107,8.191627983148463
discard,379,1,8.3394946803828,8.191627983148463
discard,408,1,8.29490328217446,8.191627983148463
discard,409,1,8.264058417766941,8.191627983148463
discard,410,1,8.183632261398005,8.191627983148463
discard,411,1,8.942446907872426,8.191627983148463
discard,388,1,8.002827296038667,8.191627983148463
discard,389,1,8.268633266194696,8.191627983148463
discard,390,1,8.259482083633126,8.191627983148463
discard,391,1,8.277957643091503,8.191627983148463
discard,384,1,8.194430831481817,8.191627983148463
discard,385,1,8.416361518577496,8.191627983148463
discard,386,1,8.495748123243521,8.191627983148463
discard,387,1,8.105656859460854,8.191627983148463
discard,392,1,8.222590435181566,8.191627983148463
discard,393,1,8.167087599469143,8.191627983148463
discard,394,1,8.090355170092913,8.191627983148463
discard,395,1,8.134678979556963,8.191627983148463
discard,396,1,8.44137029779028,8.191627983148463
discard,397,1,8.165997897677416,8.191627983148463
discard,398,1,8.261049657773874,8.191627983148463
discard,399,1,8.09300769379928,8.191627983148463
discard,404,1,8.262741106181634,8.191627983148463
discard,405,1,8.020720675488612,8.191627983148463
discard,406,1,8.212069540128281,8.191627983148463
discard,407,1,8.272398864407712,8.191627983148463
discard,416,1,8.04409851919669,8.191627983148463
discard,417,1,8.37270960296008,8.191627983148463
discard,418,1,8.22188333472288,8.191627983148463
discard,419,1,8.28709486056367,8.191627983148463
discard,424,1,8.230348905682876,8.191627983148463
discard,425,1,8.44344543958921,8.191627983148463
discard,426,1,7.77844225101199,8.191627983148463
discard,427,1,8.067882198897356,8.191627983148463
discard,400,1,7.976001353844092,8.191627983148463
discard,401,1,8.191203606440917,8.191627983148463
discard,402,1,8.107214111314143,8.191627983148463
discard,403,1,8.273274477337921,8.191627983148463
discard,412,1,8.155348836921306,8.191627983148463
discard,413,1,8.22664386729601,8.191627983148463
discard,414,1,8.233926970785676,8.191627983148463
discard,415,1,8.118584636483986,8.191627983148463
discard,420,1,8.081553834733242,8.191627983148463
discard,421,1,8.319484533709767,8.191627983148463
discard,422,1,8.133256130606313,8.191627983148463
discard,423,1,8.11950398087903,8.191627983148463
discard,428,1,8.247613127568655,8.191627983148463
discard,429,1,8.097636143679926,8.191627983148463
discard,430,1,8.075342151743534,8.191627983148463
discard,431,1,8.29592957690543,8.191627983148463
discard,432,1,8.176063100558556,8.191627983148463
discard,433,1,8.131891549767932,8.191627983148463
discard,434,1,8.261193040617215,8.191627983148463
discard,435,1,8.224206535293153,8.191627983148463
discard,444,1,8.168087615655915,8.191627983148463
discard,445,1,8.224752485608843,8.191627983148463
discard,446,1,8.24932922679341,8.191627983148463
discard,447,1,8.167515519173303,8.191627983148463
discard,440,1,8.199287819749221,8.191627983148463
discard,441,1,8.011568403337472,8.191627983148463
discard,442,1,8.360109187185964,8.191627983148463
discard,443,1,8.17925954635719,8.191627983148463
discard,448,1,8.249980067542552,8.191627983148463
discard,449,1,8.328328727389925,8.191627983148463
discard,450,1,7.9976151805360844,8.191627983148463
discard,451,1,8.1105211763607,8.191627983148463
discard,452,1,8.173410674330498,8.191627983148463
discard,453,1,8.06651767180811,8.191627983148463
discard,454,1,7.9814098441483186,8.191627983148463
discard,455,1,8.169862163272967,8.191627983148463
discard,436,1,8.196209445021298,8.191627983148463
discard,437,1,8.257757055238665,8.191627983148463
discard,438,1,8.133269018067095,8.191627983148463
discard,439,1,8.213227847742248,8.191627983148463
discard,464,1,8.267884246368206,8.191627983148463
discard,465,1,8.245573580503734,8.191627983148463
discard,466,1,8.126305091710632,8.191627983148463
discard,467,1,8.2972674020022,8.191627983148463
discard,456,1,8.34044547014294,8.191627983148463
discard,457,1,8.183470666484002,8.191627983148463
discard,458,1,8.196432423989657,8.191627983148463
discard,459,1,8.160209040910516,8.191627983148463
discard,472,1,8.150604202059045,8.191627983148463
discard,473,1,8.170893968181947,8.191627983148463
discard,474,1,8.942446907872426,8.191627983148463
discard,475,1,8.24094931555877,8.191627983148463
discard,468,1,8.173845301630257,8.191627983148463
discard,469,1,8.169649533514464,8.191627983148463
discard,470,1,8.114834983606944,8.191627983148463
discard,471,1,8.32176309920809,8.191627983148463
discard,460,1,8.36089143344441,8.191627983148463
discard,461,1,8.239050073845712,8.191627983148463
discard,462,1,8.145650505511211,8.191627983148463
discard,463,1,8.178885555115647,8.191627983148463
discard,484,1,8.206699572509617,8.191627983148463
discard,485,1,8.072348018180696,8.191627983148463
discard,486,1,8.287619302005904,8.191627983148463
discard,487,1,8.185165626659437,8.191627983148463
discard,480,1,8.180305092790645,8.191627983148463
discard,481,1,8.040434237571658,8.191627983148463
discard,482,1,8.24852614018272,8.191627983148463
discard,483,1,8.21430520092691,8.191627983148463
discard,476,1,8.036747167961282,8.191627983148463
discard,477,1,8.251173779925681,8.191627983148463
discard,478,1,8.129435501816422,8.191627983148463
discard,479,1,8.256439444835312,8.191627983148463
discard,492,1,8.142038300141198,8.191627983148463
discard,493,1,8.240880446634472,8.191627983148463
discard,494,1,8.17050097406524,8.191627983148463
discard,495,1,8.208897748435689,8.191627983148463
discard,488,1,8.201174379141515,8.191627983148463
discard,489,1,8.181818652119352,8.191627983148463
discard,490,1,8.251718258729714,8.191627983148463
discard,491,1,8.152331676547345,8.191627983148463
discard,496,1,8.140996969820424,8.191627983148463
discard,497,1,8.331084766157902,8.191627983148463
discard,498,1,8.265893014008883,8.191627983148463
discard,499,1,8.223228991165179,8.191627983148463
